	Period,Sender,Receiver,Type,Points,Profit,ID,Group,TypeP,Group1_ID,Group2_ID
1,1,2,1,0,183.6,5,1,1,5,0
1,1,5,1,0,183.6,2,1,1,2,0
1,1,6,1,0,183.6,4,1,1,4,0
1,1,7,1,0,183.6,1,1,1,1,0
1,1,8,1,0,183.6,3,1,1,3,0
1,2,5,1,0,183.6,2,1,1,2,0
1,2,6,1,0,183.6,4,1,1,4,0
1,2,7,1,0,183.6,1,1,1,1,0
1,2,8,1,0,183.6,3,1,1,3,0
1,3,2,1,0,183.6,5,1,1,5,0
1,3,5,1,0,183.6,2,1,1,2,0
1,3,6,1,0,183.6,4,1,1,4,0
1,3,7,1,0,183.6,1,1,1,1,0
1,3,8,1,0,183.6,3,1,1,3,0
1,4,2,1,0,183.6,5,1,1,5,0
1,4,5,1,0,183.6,2,1,1,2,0
1,4,6,1,0,183.6,4,1,1,4,0
1,4,7,1,0,183.6,1,1,1,1,0
1,4,8,1,0,183.6,3,1,1,3,0
1,5,2,1,0,183.6,5,1,1,5,0
1,5,6,1,0,183.6,4,1,1,4,0
1,5,7,1,0,183.6,1,1,1,1,0
1,5,8,1,0,183.6,3,1,1,3,0
1,6,2,1,0,183.6,5,1,1,5,0
1,6,5,1,0,183.6,2,1,1,2,0
1,6,7,1,0,183.6,1,1,1,1,0
1,6,8,1,0,183.6,3,1,1,3,0
1,7,2,1,0,183.6,5,1,1,5,0
1,7,5,1,0,183.6,2,1,1,2,0
1,7,6,1,0,183.6,4,1,1,4,0
1,7,8,1,0,183.6,3,1,1,3,0
1,8,2,1,0,183.6,5,1,1,5,0
1,8,5,1,0,183.6,2,1,1,2,0
1,8,6,1,0,183.6,4,1,1,4,0
1,8,7,1,0,183.6,1,1,1,1,0
1,9,10,1,0,167.8,1,2,1,1,0
1,9,12,1,0,167.8,5,2,1,5,0
1,9,13,1,0,167.8,4,2,1,4,0
1,9,16,1,0,167.8,2,2,1,2,0
1,10,9,1,0,156.8,3,2,1,3,0
1,10,12,1,0,167.8,5,2,1,5,0
1,10,13,1,0,167.8,4,2,1,4,0
1,10,16,1,0,167.8,2,2,1,2,0
1,11,9,1,0,156.8,3,2,1,3,0
1,11,10,1,0,167.8,1,2,1,1,0
1,11,12,1,0,167.8,5,2,1,5,0
1,11,13,1,0,167.8,4,2,1,4,0
1,11,16,1,0,167.8,2,2,1,2,0
1,12,9,1,0,156.8,3,2,1,3,0
1,12,10,1,0,167.8,1,2,1,1,0
1,12,13,1,0,167.8,4,2,1,4,0
1,12,16,1,0,167.8,2,2,1,2,0
1,13,9,1,1,156.8,3,2,1,3,0
1,13,10,1,0,167.8,1,2,1,1,0
1,13,12,1,0,167.8,5,2,1,5,0
1,13,16,1,0,167.8,2,2,1,2,0
1,14,9,1,0,156.8,3,2,1,3,0
1,14,10,1,0,167.8,1,2,1,1,0
1,14,12,1,0,167.8,5,2,1,5,0
1,14,13,1,0,167.8,4,2,1,4,0
1,14,16,1,0,167.8,2,2,1,2,0
1,15,9,1,0,156.8,3,2,1,3,0
1,15,10,1,0,167.8,1,2,1,1,0
1,15,12,1,0,167.8,5,2,1,5,0
1,15,13,1,0,167.8,4,2,1,4,0
1,15,16,1,0,167.8,2,2,1,2,0
1,16,9,1,0,156.8,3,2,1,3,0
1,16,10,1,0,167.8,1,2,1,1,0
1,16,12,1,0,167.8,5,2,1,5,0
1,16,13,1,0,167.8,4,2,1,4,0
1,2,1,2,0,136.4,2,1,1,0,2
1,3,1,2,0,136.4,2,1,1,0,2
1,4,1,2,0,136.4,2,1,1,0,2
1,5,1,2,0,136.4,2,1,1,0,2
1,6,1,2,0,136.4,2,1,1,0,2
1,7,1,2,0,136.4,2,1,1,0,2
1,8,1,2,0,136.4,2,1,1,0,2
1,9,15,2,0,167.8,1,2,1,0,1
1,10,15,2,0,167.8,1,2,1,0,1
1,11,15,2,0,167.8,1,2,1,0,1
1,12,15,2,0,167.8,1,2,1,0,1
1,13,15,2,0,167.8,1,2,1,0,1
1,14,15,2,0,167.8,1,2,1,0,1
1,16,15,2,0,167.8,1,2,1,0,1
2,1,2,1,0,171.6,5,1,1,5,0
2,1,5,1,0,171.6,2,1,1,2,0
2,1,6,1,0,191.2,4,1,1,4,0
2,1,7,1,0,171.6,1,1,1,1,0
2,1,8,1,0,171.6,3,1,1,3,0
2,2,5,1,0,171.6,2,1,1,2,0
2,2,6,1,0,191.2,4,1,1,4,0
2,2,7,1,0,171.6,1,1,1,1,0
2,2,8,1,0,171.6,3,1,1,3,0
2,3,2,1,0,171.6,5,1,1,5,0
2,3,5,1,0,171.6,2,1,1,2,0
2,3,6,1,0,191.2,4,1,1,4,0
2,3,7,1,0,171.6,1,1,1,1,0
2,3,8,1,0,171.6,3,1,1,3,0
2,4,2,1,0,171.6,5,1,1,5,0
2,4,5,1,0,171.6,2,1,1,2,0
2,4,6,1,0,191.2,4,1,1,4,0
2,4,7,1,0,171.6,1,1,1,1,0
2,4,8,1,0,171.6,3,1,1,3,0
2,5,2,1,0,171.6,5,1,1,5,0
2,5,6,1,0,191.2,4,1,1,4,0
2,5,7,1,0,171.6,1,1,1,1,0
2,5,8,1,0,171.6,3,1,1,3,0
2,6,2,1,0,171.6,5,1,1,5,0
2,6,5,1,0,171.6,2,1,1,2,0
2,6,7,1,0,171.6,1,1,1,1,0
2,6,8,1,0,171.6,3,1,1,3,0
2,7,2,1,0,171.6,5,1,1,5,0
2,7,5,1,0,171.6,2,1,1,2,0
2,7,6,1,0,191.2,4,1,1,4,0
2,7,8,1,0,171.6,3,1,1,3,0
2,8,2,1,0,171.6,5,1,1,5,0
2,8,5,1,0,171.6,2,1,1,2,0
2,8,6,1,2,191.2,4,1,1,4,0
2,8,7,1,0,171.6,1,1,1,1,0
2,9,10,1,0,165.8,1,2,1,1,0
2,9,12,1,0,165.8,5,2,1,5,0
2,9,13,1,1,187,4,2,1,4,0
2,9,16,1,0,165.8,2,2,1,2,0
2,10,9,1,15,208.2,3,2,1,3,0
2,10,12,1,0,165.8,5,2,1,5,0
2,10,13,1,10,187,4,2,1,4,0
2,10,16,1,0,165.8,2,2,1,2,0
2,11,9,1,0,208.2,3,2,1,3,0
2,11,10,1,0,165.8,1,2,1,1,0
2,11,12,1,0,165.8,5,2,1,5,0
2,11,13,1,0,187,4,2,1,4,0
2,11,16,1,0,165.8,2,2,1,2,0
2,12,9,1,0,208.2,3,2,1,3,0
2,12,10,1,0,165.8,1,2,1,1,0
2,12,13,1,0,187,4,2,1,4,0
2,12,16,1,0,165.8,2,2,1,2,0
2,13,9,1,0,208.2,3,2,1,3,0
2,13,10,1,0,165.8,1,2,1,1,0
2,13,12,1,0,165.8,5,2,1,5,0
2,13,16,1,0,165.8,2,2,1,2,0
2,14,9,1,0,208.2,3,2,1,3,0
2,14,10,1,0,165.8,1,2,1,1,0
2,14,12,1,0,165.8,5,2,1,5,0
2,14,13,1,0,187,4,2,1,4,0
2,14,16,1,0,165.8,2,2,1,2,0
2,15,9,1,0,208.2,3,2,1,3,0
2,15,10,1,0,165.8,1,2,1,1,0
2,15,12,1,0,165.8,5,2,1,5,0
2,15,13,1,0,187,4,2,1,4,0
2,15,16,1,0,165.8,2,2,1,2,0
2,16,9,1,1,208.2,3,2,1,3,0
2,16,10,1,0,165.8,1,2,1,1,0
2,16,12,1,0,165.8,5,2,1,5,0
2,16,13,1,0,187,4,2,1,4,0
2,2,1,2,0,161.8,2,1,1,0,2
2,3,1,2,0,161.8,2,1,1,0,2
2,4,1,2,0,161.8,2,1,1,0,2
2,5,1,2,0,161.8,2,1,1,0,2
2,6,1,2,0,161.8,2,1,1,0,2
2,7,1,2,0,161.8,2,1,1,0,2
2,8,1,2,0,161.8,2,1,1,0,2
2,9,11,2,0,176.4,2,2,1,0,2
2,10,11,2,5,176.4,2,2,1,0,2
2,12,11,2,0,176.4,2,2,1,0,2
2,13,11,2,0,176.4,2,2,1,0,2
2,14,11,2,0,176.4,2,2,1,0,2
2,15,11,2,0,176.4,2,2,1,0,2
2,16,11,2,3,176.4,2,2,1,0,2
3,1,2,1,0,177.8,5,1,1,5,0
3,1,5,1,0,177.8,2,1,1,2,0
3,1,6,1,0,177.8,4,1,1,4,0
3,1,7,1,0,177.8,1,1,1,1,0
3,1,8,1,0,177.8,3,1,1,3,0
3,2,5,1,0,177.8,2,1,1,2,0
3,2,6,1,0,177.8,4,1,1,4,0
3,2,7,1,0,177.8,1,1,1,1,0
3,2,8,1,0,177.8,3,1,1,3,0
3,3,2,1,0,177.8,5,1,1,5,0
3,3,5,1,0,177.8,2,1,1,2,0
3,3,6,1,0,177.8,4,1,1,4,0
3,3,7,1,0,177.8,1,1,1,1,0
3,3,8,1,0,177.8,3,1,1,3,0
3,4,2,1,0,177.8,5,1,1,5,0
3,4,5,1,0,177.8,2,1,1,2,0
3,4,6,1,0,177.8,4,1,1,4,0
3,4,7,1,0,177.8,1,1,1,1,0
3,4,8,1,0,177.8,3,1,1,3,0
3,5,2,1,0,177.8,5,1,1,5,0
3,5,6,1,0,177.8,4,1,1,4,0
3,5,7,1,0,177.8,1,1,1,1,0
3,5,8,1,0,177.8,3,1,1,3,0
3,6,2,1,0,177.8,5,1,1,5,0
3,6,5,1,0,177.8,2,1,1,2,0
3,6,7,1,0,177.8,1,1,1,1,0
3,6,8,1,0,177.8,3,1,1,3,0
3,7,2,1,0,177.8,5,1,1,5,0
3,7,5,1,0,177.8,2,1,1,2,0
3,7,6,1,0,177.8,4,1,1,4,0
3,7,8,1,0,177.8,3,1,1,3,0
3,8,2,1,0,177.8,5,1,1,5,0
3,8,5,1,0,177.8,2,1,1,2,0
3,8,6,1,0,177.8,4,1,1,4,0
3,8,7,1,0,177.8,1,1,1,1,0
3,9,10,1,0,159,1,2,1,1,0
3,9,12,1,0,159,5,2,1,5,0
3,9,13,1,0,159,4,2,1,4,0
3,9,16,1,0,139.2,2,2,1,2,0
3,10,9,1,0,152.4,3,2,1,3,0
3,10,12,1,0,159,5,2,1,5,0
3,10,13,1,0,159,4,2,1,4,0
3,10,16,1,0,139.2,2,2,1,2,0
3,11,9,1,0,152.4,3,2,1,3,0
3,11,10,1,0,159,1,2,1,1,0
3,11,12,1,0,159,5,2,1,5,0
3,11,13,1,0,159,4,2,1,4,0
3,11,16,1,0,139.2,2,2,1,2,0
3,12,9,1,0,152.4,3,2,1,3,0
3,12,10,1,0,159,1,2,1,1,0
3,12,13,1,0,159,4,2,1,4,0
3,12,16,1,0,139.2,2,2,1,2,0
3,13,9,1,0,152.4,3,2,1,3,0
3,13,10,1,0,159,1,2,1,1,0
3,13,12,1,0,159,5,2,1,5,0
3,13,16,1,0,139.2,2,2,1,2,0
3,14,9,1,0,152.4,3,2,1,3,0
3,14,10,1,0,159,1,2,1,1,0
3,14,12,1,0,159,5,2,1,5,0
3,14,13,1,0,159,4,2,1,4,0
3,14,16,1,0,139.2,2,2,1,2,0
3,15,9,1,0,152.4,3,2,1,3,0
3,15,10,1,0,159,1,2,1,1,0
3,15,12,1,0,159,5,2,1,5,0
3,15,13,1,0,159,4,2,1,4,0
3,15,16,1,0,139.2,2,2,1,2,0
3,16,9,1,0,152.4,3,2,1,3,0
3,16,10,1,0,159,1,2,1,1,0
3,16,12,1,0,159,5,2,1,5,0
3,16,13,1,0,159,4,2,1,4,0
3,2,1,2,0,203.8,2,1,1,0,2
3,3,1,2,0,203.8,2,1,1,0,2
3,4,1,2,0,203.8,2,1,1,0,2
3,5,1,2,0,203.8,2,1,1,0,2
3,6,1,2,0,203.8,2,1,1,0,2
3,7,1,2,0,203.8,2,1,1,0,2
3,8,1,2,0,203.8,2,1,1,0,2
3,9,14,2,22,165.6,3,2,1,0,3
3,10,14,2,10,165.6,3,2,1,0,3
3,11,14,2,0,165.6,3,2,1,0,3
3,12,14,2,2,165.6,3,2,1,0,3
3,13,14,2,1,165.6,3,2,1,0,3
3,15,14,2,0,165.6,3,2,1,0,3
3,16,14,2,0,165.6,3,2,1,0,3
4,1,2,1,0,165.8,5,1,1,5,0
4,1,5,1,0,165.8,2,1,1,2,0
4,1,6,1,0,187,4,1,1,4,0
4,1,7,1,0,176.4,1,1,1,1,0
4,1,8,1,0,165.8,3,1,1,3,0
4,2,5,1,0,165.8,2,1,1,2,0
4,2,6,1,0,187,4,1,1,4,0
4,2,7,1,0,176.4,1,1,1,1,0
4,2,8,1,0,165.8,3,1,1,3,0
4,3,2,1,0,165.8,5,1,1,5,0
4,3,5,1,0,165.8,2,1,1,2,0
4,3,6,1,0,187,4,1,1,4,0
4,3,7,1,0,176.4,1,1,1,1,0
4,3,8,1,0,165.8,3,1,1,3,0
4,4,2,1,0,165.8,5,1,1,5,0
4,4,5,1,0,165.8,2,1,1,2,0
4,4,6,1,0,187,4,1,1,4,0
4,4,7,1,0,176.4,1,1,1,1,0
4,4,8,1,0,165.8,3,1,1,3,0
4,5,2,1,0,165.8,5,1,1,5,0
4,5,6,1,0,187,4,1,1,4,0
4,5,7,1,0,176.4,1,1,1,1,0
4,5,8,1,0,165.8,3,1,1,3,0
4,6,2,1,0,165.8,5,1,1,5,0
4,6,5,1,0,165.8,2,1,1,2,0
4,6,7,1,0,176.4,1,1,1,1,0
4,6,8,1,0,165.8,3,1,1,3,0
4,7,2,1,0,165.8,5,1,1,5,0
4,7,5,1,0,165.8,2,1,1,2,0
4,7,6,1,0,187,4,1,1,4,0
4,7,8,1,0,165.8,3,1,1,3,0
4,8,2,1,0,165.8,5,1,1,5,0
4,8,5,1,0,165.8,2,1,1,2,0
4,8,6,1,0,187,4,1,1,4,0
4,8,7,1,0,176.4,1,1,1,1,0
4,9,10,1,0,159,1,2,1,1,0
4,9,12,1,0,159,5,2,1,5,0
4,9,13,1,0,165.6,4,2,1,4,0
4,9,16,1,0,145.8,2,2,1,2,0
4,10,9,1,0,178.8,3,2,1,3,0
4,10,12,1,0,159,5,2,1,5,0
4,10,13,1,0,165.6,4,2,1,4,0
4,10,16,1,0,145.8,2,2,1,2,0
4,11,9,1,0,178.8,3,2,1,3,0
4,11,10,1,0,159,1,2,1,1,0
4,11,12,1,0,159,5,2,1,5,0
4,11,13,1,0,165.6,4,2,1,4,0
4,11,16,1,0,145.8,2,2,1,2,0
4,12,9,1,0,178.8,3,2,1,3,0
4,12,10,1,0,159,1,2,1,1,0
4,12,13,1,0,165.6,4,2,1,4,0
4,12,16,1,0,145.8,2,2,1,2,0
4,13,9,1,0,178.8,3,2,1,3,0
4,13,10,1,0,159,1,2,1,1,0
4,13,12,1,0,159,5,2,1,5,0
4,13,16,1,0,145.8,2,2,1,2,0
4,14,9,1,0,178.8,3,2,1,3,0
4,14,10,1,0,159,1,2,1,1,0
4,14,12,1,0,159,5,2,1,5,0
4,14,13,1,0,165.6,4,2,1,4,0
4,14,16,1,0,145.8,2,2,1,2,0
4,15,9,1,0,178.8,3,2,1,3,0
4,15,10,1,0,159,1,2,1,1,0
4,15,12,1,0,159,5,2,1,5,0
4,15,13,1,0,165.6,4,2,1,4,0
4,15,16,1,0,145.8,2,2,1,2,0
4,16,9,1,0,178.8,3,2,1,3,0
4,16,10,1,0,159,1,2,1,1,0
4,16,12,1,0,159,5,2,1,5,0
4,16,13,1,0,165.6,4,2,1,4,0
4,2,1,2,0,197.6,2,1,1,0,2
4,3,1,2,0,197.6,2,1,1,0,2
4,4,1,2,0,197.6,2,1,1,0,2
4,5,1,2,0,197.6,2,1,1,0,2
4,6,1,2,0,197.6,2,1,1,0,2
4,7,1,2,0,197.6,2,1,1,0,2
4,8,1,2,10,197.6,2,1,1,0,2
4,9,11,2,50,192,2,2,1,0,2
4,10,11,2,15,192,2,2,1,0,2
4,12,11,2,2,192,2,2,1,0,2
4,13,11,2,0,192,2,2,1,0,2
4,14,11,2,0,192,2,2,1,0,2
4,15,11,2,0,192,2,2,1,0,2
4,16,11,2,0,192,2,2,1,0,2
5,1,2,1,0,167.8,5,1,1,5,0
5,1,5,1,0,167.8,2,1,1,2,0
5,1,6,1,0,167.8,4,1,1,4,0
5,1,7,1,0,167.8,1,1,1,1,0
5,1,8,1,0,189.8,3,1,1,3,0
5,2,5,1,0,167.8,2,1,1,2,0
5,2,6,1,0,167.8,4,1,1,4,0
5,2,7,1,0,167.8,1,1,1,1,0
5,2,8,1,0,189.8,3,1,1,3,0
5,3,2,1,0,167.8,5,1,1,5,0
5,3,5,1,0,167.8,2,1,1,2,0
5,3,6,1,0,167.8,4,1,1,4,0
5,3,7,1,0,167.8,1,1,1,1,0
5,3,8,1,0,189.8,3,1,1,3,0
5,4,2,1,0,167.8,5,1,1,5,0
5,4,5,1,0,167.8,2,1,1,2,0
5,4,6,1,0,167.8,4,1,1,4,0
5,4,7,1,0,167.8,1,1,1,1,0
5,4,8,1,0,189.8,3,1,1,3,0
5,5,2,1,0,167.8,5,1,1,5,0
5,5,6,1,0,167.8,4,1,1,4,0
5,5,7,1,0,167.8,1,1,1,1,0
5,5,8,1,1,189.8,3,1,1,3,0
5,6,2,1,0,167.8,5,1,1,5,0
5,6,5,1,0,167.8,2,1,1,2,0
5,6,7,1,0,167.8,1,1,1,1,0
5,6,8,1,0,189.8,3,1,1,3,0
5,7,2,1,0,167.8,5,1,1,5,0
5,7,5,1,0,167.8,2,1,1,2,0
5,7,6,1,0,167.8,4,1,1,4,0
5,7,8,1,0,189.8,3,1,1,3,0
5,8,2,1,0,167.8,5,1,1,5,0
5,8,5,1,0,167.8,2,1,1,2,0
5,8,6,1,0,167.8,4,1,1,4,0
5,8,7,1,0,167.8,1,1,1,1,0
5,9,10,1,0,145,1,2,1,1,0
5,9,12,1,0,145,5,2,1,5,0
5,9,13,1,0,145,4,2,1,4,0
5,9,16,1,0,145,2,2,1,2,0
5,10,9,1,0,154.2,3,2,1,3,0
5,10,12,1,0,145,5,2,1,5,0
5,10,13,1,0,145,4,2,1,4,0
5,10,16,1,0,145,2,2,1,2,0
5,11,9,1,0,154.2,3,2,1,3,0
5,11,10,1,0,145,1,2,1,1,0
5,11,12,1,0,145,5,2,1,5,0
5,11,13,1,0,145,4,2,1,4,0
5,11,16,1,0,145,2,2,1,2,0
5,12,9,1,3,154.2,3,2,1,3,0
5,12,10,1,0,145,1,2,1,1,0
5,12,13,1,0,145,4,2,1,4,0
5,12,16,1,0,145,2,2,1,2,0
5,13,9,1,0,154.2,3,2,1,3,0
5,13,10,1,0,145,1,2,1,1,0
5,13,12,1,0,145,5,2,1,5,0
5,13,16,1,0,145,2,2,1,2,0
5,14,9,1,0,154.2,3,2,1,3,0
5,14,10,1,0,145,1,2,1,1,0
5,14,12,1,0,145,5,2,1,5,0
5,14,13,1,0,145,4,2,1,4,0
5,14,16,1,0,145,2,2,1,2,0
5,15,9,1,0,154.2,3,2,1,3,0
5,15,10,1,0,145,1,2,1,1,0
5,15,12,1,0,145,5,2,1,5,0
5,15,13,1,0,145,4,2,1,4,0
5,15,16,1,0,145,2,2,1,2,0
5,16,9,1,5,154.2,3,2,1,3,0
5,16,10,1,0,145,1,2,1,1,0
5,16,12,1,0,145,5,2,1,5,0
5,16,13,1,0,145,4,2,1,4,0
5,1,4,2,0,211.8,3,1,1,0,3
5,2,4,2,0,211.8,3,1,1,0,3
5,3,4,2,0,211.8,3,1,1,0,3
5,5,4,2,2,211.8,3,1,1,0,3
5,6,4,2,0,211.8,3,1,1,0,3
5,7,4,2,0,211.8,3,1,1,0,3
5,8,4,2,10,211.8,3,1,1,0,3
5,9,11,2,0,112.8,2,2,1,0,2
5,10,11,2,10,112.8,2,2,1,0,2
5,12,11,2,2,112.8,2,2,1,0,2
5,13,11,2,1,112.8,2,2,1,0,2
5,14,11,2,0,112.8,2,2,1,0,2
5,15,11,2,0,112.8,2,2,1,0,2
5,16,11,2,5,112.8,2,2,1,0,2
6,1,2,1,0,153.4,5,1,1,5,0
6,1,5,1,0,141.8,2,1,1,2,0
6,1,6,1,0,153.4,4,1,1,4,0
6,1,7,1,0,182.4,1,1,1,1,0
6,1,8,1,0,141.8,3,1,1,3,0
6,2,5,1,0,141.8,2,1,1,2,0
6,2,6,1,0,153.4,4,1,1,4,0
6,2,7,1,0,182.4,1,1,1,1,0
6,2,8,1,0,141.8,3,1,1,3,0
6,3,2,1,0,153.4,5,1,1,5,0
6,3,5,1,0,141.8,2,1,1,2,0
6,3,6,1,0,153.4,4,1,1,4,0
6,3,7,1,0,182.4,1,1,1,1,0
6,3,8,1,0,141.8,3,1,1,3,0
6,4,2,1,0,153.4,5,1,1,5,0
6,4,5,1,0,141.8,2,1,1,2,0
6,4,6,1,0,153.4,4,1,1,4,0
6,4,7,1,0,182.4,1,1,1,1,0
6,4,8,1,0,141.8,3,1,1,3,0
6,5,2,1,0,153.4,5,1,1,5,0
6,5,6,1,0,153.4,4,1,1,4,0
6,5,7,1,0,182.4,1,1,1,1,0
6,5,8,1,0,141.8,3,1,1,3,0
6,6,2,1,0,153.4,5,1,1,5,0
6,6,5,1,0,141.8,2,1,1,2,0
6,6,7,1,0,182.4,1,1,1,1,0
6,6,8,1,0,141.8,3,1,1,3,0
6,7,2,1,0,153.4,5,1,1,5,0
6,7,5,1,0,141.8,2,1,1,2,0
6,7,6,1,0,153.4,4,1,1,4,0
6,7,8,1,0,141.8,3,1,1,3,0
6,8,2,1,0,153.4,5,1,1,5,0
6,8,5,1,0,141.8,2,1,1,2,0
6,8,6,1,0,153.4,4,1,1,4,0
6,8,7,1,5,182.4,1,1,1,1,0
6,9,10,1,59,178.6,1,2,1,1,0
6,9,12,1,0,178.6,5,2,1,5,0
6,9,13,1,0,178.6,4,2,1,4,0
6,9,16,1,0,169.2,2,2,1,2,0
6,10,9,1,0,169.2,3,2,1,3,0
6,10,12,1,0,178.6,5,2,1,5,0
6,10,13,1,0,178.6,4,2,1,4,0
6,10,16,1,0,169.2,2,2,1,2,0
6,11,9,1,0,169.2,3,2,1,3,0
6,11,10,1,0,178.6,1,2,1,1,0
6,11,12,1,0,178.6,5,2,1,5,0
6,11,13,1,0,178.6,4,2,1,4,0
6,11,16,1,0,169.2,2,2,1,2,0
6,12,9,1,0,169.2,3,2,1,3,0
6,12,10,1,0,178.6,1,2,1,1,0
6,12,13,1,0,178.6,4,2,1,4,0
6,12,16,1,0,169.2,2,2,1,2,0
6,13,9,1,0,169.2,3,2,1,3,0
6,13,10,1,0,178.6,1,2,1,1,0
6,13,12,1,0,178.6,5,2,1,5,0
6,13,16,1,0,169.2,2,2,1,2,0
6,14,9,1,0,169.2,3,2,1,3,0
6,14,10,1,0,178.6,1,2,1,1,0
6,14,12,1,0,178.6,5,2,1,5,0
6,14,13,1,0,178.6,4,2,1,4,0
6,14,16,1,0,169.2,2,2,1,2,0
6,15,9,1,0,169.2,3,2,1,3,0
6,15,10,1,0,178.6,1,2,1,1,0
6,15,12,1,0,178.6,5,2,1,5,0
6,15,13,1,0,178.6,4,2,1,4,0
6,15,16,1,0,169.2,2,2,1,2,0
6,16,9,1,0,169.2,3,2,1,3,0
6,16,10,1,0,178.6,1,2,1,1,0
6,16,12,1,0,178.6,5,2,1,5,0
6,16,13,1,0,178.6,4,2,1,4,0
6,2,1,2,0,147.6,2,1,1,0,2
6,3,1,2,0,147.6,2,1,1,0,2
6,4,1,2,0,147.6,2,1,1,0,2
6,5,1,2,0,147.6,2,1,1,0,2
6,6,1,2,0,147.6,2,1,1,0,2
6,7,1,2,0,147.6,2,1,1,0,2
6,8,1,2,0,147.6,2,1,1,0,2
6,9,15,2,0,159.8,1,2,1,0,1
6,10,15,2,10,159.8,1,2,1,0,1
6,11,15,2,0,159.8,1,2,1,0,1
6,12,15,2,2,159.8,1,2,1,0,1
6,13,15,2,0,159.8,1,2,1,0,1
6,14,15,2,0,159.8,1,2,1,0,1
6,16,15,2,0,159.8,1,2,1,0,1
7,1,2,1,0,169.8,5,1,1,5,0
7,1,5,1,0,169.8,2,1,1,2,0
7,1,6,1,0,169.8,4,1,1,4,0
7,1,7,1,0,169.8,1,1,1,1,0
7,1,8,1,0,169.8,3,1,1,3,0
7,2,5,1,0,169.8,2,1,1,2,0
7,2,6,1,0,169.8,4,1,1,4,0
7,2,7,1,0,169.8,1,1,1,1,0
7,2,8,1,0,169.8,3,1,1,3,0
7,3,2,1,0,169.8,5,1,1,5,0
7,3,5,1,0,169.8,2,1,1,2,0
7,3,6,1,0,169.8,4,1,1,4,0
7,3,7,1,0,169.8,1,1,1,1,0
7,3,8,1,0,169.8,3,1,1,3,0
7,4,2,1,0,169.8,5,1,1,5,0
7,4,5,1,0,169.8,2,1,1,2,0
7,4,6,1,0,169.8,4,1,1,4,0
7,4,7,1,0,169.8,1,1,1,1,0
7,4,8,1,0,169.8,3,1,1,3,0
7,5,2,1,0,169.8,5,1,1,5,0
7,5,6,1,0,169.8,4,1,1,4,0
7,5,7,1,0,169.8,1,1,1,1,0
7,5,8,1,0,169.8,3,1,1,3,0
7,6,2,1,0,169.8,5,1,1,5,0
7,6,5,1,0,169.8,2,1,1,2,0
7,6,7,1,0,169.8,1,1,1,1,0
7,6,8,1,0,169.8,3,1,1,3,0
7,7,2,1,0,169.8,5,1,1,5,0
7,7,5,1,0,169.8,2,1,1,2,0
7,7,6,1,0,169.8,4,1,1,4,0
7,7,8,1,0,169.8,3,1,1,3,0
7,8,2,1,0,169.8,5,1,1,5,0
7,8,5,1,0,169.8,2,1,1,2,0
7,8,6,1,0,169.8,4,1,1,4,0
7,8,7,1,0,169.8,1,1,1,1,0
7,9,10,1,0,142.2,1,2,1,1,0
7,9,12,1,0,142.2,5,2,1,5,0
7,9,13,1,0,142.2,4,2,1,4,0
7,9,16,1,0,142.2,2,2,1,2,0
7,10,9,1,0,142.2,3,2,1,3,0
7,10,12,1,0,142.2,5,2,1,5,0
7,10,13,1,0,142.2,4,2,1,4,0
7,10,16,1,0,142.2,2,2,1,2,0
7,11,9,1,0,142.2,3,2,1,3,0
7,11,10,1,0,142.2,1,2,1,1,0
7,11,12,1,0,142.2,5,2,1,5,0
7,11,13,1,0,142.2,4,2,1,4,0
7,11,16,1,0,142.2,2,2,1,2,0
7,12,9,1,0,142.2,3,2,1,3,0
7,12,10,1,0,142.2,1,2,1,1,0
7,12,13,1,0,142.2,4,2,1,4,0
7,12,16,1,0,142.2,2,2,1,2,0
7,13,9,1,0,142.2,3,2,1,3,0
7,13,10,1,0,142.2,1,2,1,1,0
7,13,12,1,0,142.2,5,2,1,5,0
7,13,16,1,0,142.2,2,2,1,2,0
7,14,9,1,0,142.2,3,2,1,3,0
7,14,10,1,0,142.2,1,2,1,1,0
7,14,12,1,0,142.2,5,2,1,5,0
7,14,13,1,0,142.2,4,2,1,4,0
7,14,16,1,0,142.2,2,2,1,2,0
7,15,9,1,0,142.2,3,2,1,3,0
7,15,10,1,0,142.2,1,2,1,1,0
7,15,12,1,0,142.2,5,2,1,5,0
7,15,13,1,0,142.2,4,2,1,4,0
7,15,16,1,0,142.2,2,2,1,2,0
7,16,9,1,0,142.2,3,2,1,3,0
7,16,10,1,0,142.2,1,2,1,1,0
7,16,12,1,0,142.2,5,2,1,5,0
7,16,13,1,0,142.2,4,2,1,4,0
7,2,1,2,0,158.4,2,1,1,0,2
7,3,1,2,0,158.4,2,1,1,0,2
7,4,1,2,0,158.4,2,1,1,0,2
7,5,1,2,0,158.4,2,1,1,0,2
7,6,1,2,0,158.4,2,1,1,0,2
7,7,1,2,0,158.4,2,1,1,0,2
7,8,1,2,0,158.4,2,1,1,0,2
7,9,14,2,15,154.8,3,2,1,0,3
7,10,14,2,10,154.8,3,2,1,0,3
7,11,14,2,0,154.8,3,2,1,0,3
7,12,14,2,5,154.8,3,2,1,0,3
7,13,14,2,1,154.8,3,2,1,0,3
7,15,14,2,0,154.8,3,2,1,0,3
7,16,14,2,5,154.8,3,2,1,0,3
8,1,2,1,0,159.8,5,1,1,5,0
8,1,5,1,0,159.8,2,1,1,2,0
8,1,6,1,0,159.8,4,1,1,4,0
8,1,7,1,0,178.6,1,1,1,1,0
8,1,8,1,0,159.8,3,1,1,3,0
8,2,5,1,0,159.8,2,1,1,2,0
8,2,6,1,0,159.8,4,1,1,4,0
8,2,7,1,0,178.6,1,1,1,1,0
8,2,8,1,0,159.8,3,1,1,3,0
8,3,2,1,0,159.8,5,1,1,5,0
8,3,5,1,0,159.8,2,1,1,2,0
8,3,6,1,0,159.8,4,1,1,4,0
8,3,7,1,0,178.6,1,1,1,1,0
8,3,8,1,0,159.8,3,1,1,3,0
8,4,2,1,0,159.8,5,1,1,5,0
8,4,5,1,0,159.8,2,1,1,2,0
8,4,6,1,0,159.8,4,1,1,4,0
8,4,7,1,0,178.6,1,1,1,1,0
8,4,8,1,0,159.8,3,1,1,3,0
8,5,2,1,0,159.8,5,1,1,5,0
8,5,6,1,0,159.8,4,1,1,4,0
8,5,7,1,1,178.6,1,1,1,1,0
8,5,8,1,0,159.8,3,1,1,3,0
8,6,2,1,0,159.8,5,1,1,5,0
8,6,5,1,0,159.8,2,1,1,2,0
8,6,7,1,5,178.6,1,1,1,1,0
8,6,8,1,0,159.8,3,1,1,3,0
8,7,2,1,0,159.8,5,1,1,5,0
8,7,5,1,0,159.8,2,1,1,2,0
8,7,6,1,0,159.8,4,1,1,4,0
8,7,8,1,0,159.8,3,1,1,3,0
8,8,2,1,0,159.8,5,1,1,5,0
8,8,5,1,0,159.8,2,1,1,2,0
8,8,6,1,0,159.8,4,1,1,4,0
8,8,7,1,5,178.6,1,1,1,1,0
8,9,10,1,0,150.6,1,2,1,1,0
8,9,12,1,0,150.6,5,2,1,5,0
8,9,13,1,0,150.6,4,2,1,4,0
8,9,16,1,0,150.6,2,2,1,2,0
8,10,9,1,0,156,3,2,1,3,0
8,10,12,1,0,150.6,5,2,1,5,0
8,10,13,1,0,150.6,4,2,1,4,0
8,10,16,1,0,150.6,2,2,1,2,0
8,11,9,1,0,156,3,2,1,3,0
8,11,10,1,0,150.6,1,2,1,1,0
8,11,12,1,0,150.6,5,2,1,5,0
8,11,13,1,0,150.6,4,2,1,4,0
8,11,16,1,0,150.6,2,2,1,2,0
8,12,9,1,0,156,3,2,1,3,0
8,12,10,1,0,150.6,1,2,1,1,0
8,12,13,1,0,150.6,4,2,1,4,0
8,12,16,1,0,150.6,2,2,1,2,0
8,13,9,1,0,156,3,2,1,3,0
8,13,10,1,0,150.6,1,2,1,1,0
8,13,12,1,0,150.6,5,2,1,5,0
8,13,16,1,0,150.6,2,2,1,2,0
8,14,9,1,0,156,3,2,1,3,0
8,14,10,1,0,150.6,1,2,1,1,0
8,14,12,1,0,150.6,5,2,1,5,0
8,14,13,1,0,150.6,4,2,1,4,0
8,14,16,1,0,150.6,2,2,1,2,0
8,15,9,1,0,156,3,2,1,3,0
8,15,10,1,0,150.6,1,2,1,1,0
8,15,12,1,0,150.6,5,2,1,5,0
8,15,13,1,0,150.6,4,2,1,4,0
8,15,16,1,0,150.6,2,2,1,2,0
8,16,9,1,0,156,3,2,1,3,0
8,16,10,1,0,150.6,1,2,1,1,0
8,16,12,1,0,150.6,5,2,1,5,0
8,16,13,1,0,150.6,4,2,1,4,0
8,1,4,2,0,188,3,1,1,0,3
8,2,4,2,0,188,3,1,1,0,3
8,3,4,2,0,188,3,1,1,0,3
8,5,4,2,1,188,3,1,1,0,3
8,6,4,2,0,188,3,1,1,0,3
8,7,4,2,0,188,3,1,1,0,3
8,8,4,2,5,188,3,1,1,0,3
8,9,15,2,0,139.8,1,2,1,0,1
8,10,15,2,8,139.8,1,2,1,0,1
8,11,15,2,0,139.8,1,2,1,0,1
8,12,15,2,5,139.8,1,2,1,0,1
8,13,15,2,0,139.8,1,2,1,0,1
8,14,15,2,0,139.8,1,2,1,0,1
8,16,15,2,0,139.8,1,2,1,0,1
9,1,2,1,0,161.8,5,1,1,5,0
9,1,5,1,0,161.8,2,1,1,2,0
9,1,6,1,0,161.8,4,1,1,4,0
9,1,7,1,0,161.8,1,1,1,1,0
9,1,8,1,0,161.8,3,1,1,3,0
9,2,5,1,0,161.8,2,1,1,2,0
9,2,6,1,0,161.8,4,1,1,4,0
9,2,7,1,0,161.8,1,1,1,1,0
9,2,8,1,0,161.8,3,1,1,3,0
9,3,2,1,0,161.8,5,1,1,5,0
9,3,5,1,0,161.8,2,1,1,2,0
9,3,6,1,0,161.8,4,1,1,4,0
9,3,7,1,0,161.8,1,1,1,1,0
9,3,8,1,0,161.8,3,1,1,3,0
9,4,2,1,0,161.8,5,1,1,5,0
9,4,5,1,0,161.8,2,1,1,2,0
9,4,6,1,0,161.8,4,1,1,4,0
9,4,7,1,0,161.8,1,1,1,1,0
9,4,8,1,0,161.8,3,1,1,3,0
9,5,2,1,0,161.8,5,1,1,5,0
9,5,6,1,0,161.8,4,1,1,4,0
9,5,7,1,0,161.8,1,1,1,1,0
9,5,8,1,0,161.8,3,1,1,3,0
9,6,2,1,0,161.8,5,1,1,5,0
9,6,5,1,0,161.8,2,1,1,2,0
9,6,7,1,0,161.8,1,1,1,1,0
9,6,8,1,0,161.8,3,1,1,3,0
9,7,2,1,0,161.8,5,1,1,5,0
9,7,5,1,0,161.8,2,1,1,2,0
9,7,6,1,0,161.8,4,1,1,4,0
9,7,8,1,0,161.8,3,1,1,3,0
9,8,2,1,0,161.8,5,1,1,5,0
9,8,5,1,0,161.8,2,1,1,2,0
9,8,6,1,0,161.8,4,1,1,4,0
9,8,7,1,0,161.8,1,1,1,1,0
9,9,10,1,0,147.8,1,2,1,1,0
9,9,12,1,0,147.8,5,2,1,5,0
9,9,13,1,0,147.8,4,2,1,4,0
9,9,16,1,0,147.8,2,2,1,2,0
9,10,9,1,0,154.8,3,2,1,3,0
9,10,12,1,0,147.8,5,2,1,5,0
9,10,13,1,0,147.8,4,2,1,4,0
9,10,16,1,0,147.8,2,2,1,2,0
9,11,9,1,0,154.8,3,2,1,3,0
9,11,10,1,0,147.8,1,2,1,1,0
9,11,12,1,0,147.8,5,2,1,5,0
9,11,13,1,0,147.8,4,2,1,4,0
9,11,16,1,0,147.8,2,2,1,2,0
9,12,9,1,0,154.8,3,2,1,3,0
9,12,10,1,0,147.8,1,2,1,1,0
9,12,13,1,0,147.8,4,2,1,4,0
9,12,16,1,0,147.8,2,2,1,2,0
9,13,9,1,0,154.8,3,2,1,3,0
9,13,10,1,0,147.8,1,2,1,1,0
9,13,12,1,0,147.8,5,2,1,5,0
9,13,16,1,0,147.8,2,2,1,2,0
9,14,9,1,0,154.8,3,2,1,3,0
9,14,10,1,0,147.8,1,2,1,1,0
9,14,12,1,0,147.8,5,2,1,5,0
9,14,13,1,0,147.8,4,2,1,4,0
9,14,16,1,0,147.8,2,2,1,2,0
9,15,9,1,0,154.8,3,2,1,3,0
9,15,10,1,0,147.8,1,2,1,1,0
9,15,12,1,0,147.8,5,2,1,5,0
9,15,13,1,0,147.8,4,2,1,4,0
9,15,16,1,0,147.8,2,2,1,2,0
9,16,9,1,0,154.8,3,2,1,3,0
9,16,10,1,0,147.8,1,2,1,1,0
9,16,12,1,0,147.8,5,2,1,5,0
9,16,13,1,0,147.8,4,2,1,4,0
9,1,4,2,0,191.2,3,1,1,0,3
9,2,4,2,0,191.2,3,1,1,0,3
9,3,4,2,0,191.2,3,1,1,0,3
9,5,4,2,5,191.2,3,1,1,0,3
9,6,4,2,5,191.2,3,1,1,0,3
9,7,4,2,0,191.2,3,1,1,0,3
9,8,4,2,10,191.2,3,1,1,0,3
9,9,15,2,15,196.8,1,2,1,0,1
9,10,15,2,10,196.8,1,2,1,0,1
9,11,15,2,0,196.8,1,2,1,0,1
9,12,15,2,12,196.8,1,2,1,0,1
9,13,15,2,1,196.8,1,2,1,0,1
9,14,15,2,0,196.8,1,2,1,0,1
9,16,15,2,15,196.8,1,2,1,0,1
10,1,2,1,0,163.8,5,1,1,5,0
10,1,5,1,0,163.8,2,1,1,2,0
10,1,6,1,0,163.8,4,1,1,4,0
10,1,7,1,0,163.8,1,1,1,1,0
10,1,8,1,0,163.8,3,1,1,3,0
10,2,5,1,0,163.8,2,1,1,2,0
10,2,6,1,0,163.8,4,1,1,4,0
10,2,7,1,0,163.8,1,1,1,1,0
10,2,8,1,0,163.8,3,1,1,3,0
10,3,2,1,0,163.8,5,1,1,5,0
10,3,5,1,0,163.8,2,1,1,2,0
10,3,6,1,0,163.8,4,1,1,4,0
10,3,7,1,0,163.8,1,1,1,1,0
10,3,8,1,0,163.8,3,1,1,3,0
10,4,2,1,0,163.8,5,1,1,5,0
10,4,5,1,0,163.8,2,1,1,2,0
10,4,6,1,0,163.8,4,1,1,4,0
10,4,7,1,0,163.8,1,1,1,1,0
10,4,8,1,0,163.8,3,1,1,3,0
10,5,2,1,0,163.8,5,1,1,5,0
10,5,6,1,0,163.8,4,1,1,4,0
10,5,7,1,0,163.8,1,1,1,1,0
10,5,8,1,0,163.8,3,1,1,3,0
10,6,2,1,0,163.8,5,1,1,5,0
10,6,5,1,0,163.8,2,1,1,2,0
10,6,7,1,0,163.8,1,1,1,1,0
10,6,8,1,0,163.8,3,1,1,3,0
10,7,2,1,0,163.8,5,1,1,5,0
10,7,5,1,0,163.8,2,1,1,2,0
10,7,6,1,0,163.8,4,1,1,4,0
10,7,8,1,0,163.8,3,1,1,3,0
10,8,2,1,0,163.8,5,1,1,5,0
10,8,5,1,0,163.8,2,1,1,2,0
10,8,6,1,0,163.8,4,1,1,4,0
10,8,7,1,0,163.8,1,1,1,1,0
10,9,10,1,0,114.2,1,2,1,1,0
10,9,12,1,0,114.2,5,2,1,5,0
10,9,13,1,0,114.2,4,2,1,4,0
10,9,16,1,0,113.8,2,2,1,2,0
10,10,9,1,0,114.8,3,2,1,3,0
10,10,12,1,0,114.2,5,2,1,5,0
10,10,13,1,0,114.2,4,2,1,4,0
10,10,16,1,0,113.8,2,2,1,2,0
10,11,9,1,0,114.8,3,2,1,3,0
10,11,10,1,0,114.2,1,2,1,1,0
10,11,12,1,0,114.2,5,2,1,5,0
10,11,13,1,0,114.2,4,2,1,4,0
10,11,16,1,0,113.8,2,2,1,2,0
10,12,9,1,0,114.8,3,2,1,3,0
10,12,10,1,0,114.2,1,2,1,1,0
10,12,13,1,0,114.2,4,2,1,4,0
10,12,16,1,0,113.8,2,2,1,2,0
10,13,9,1,0,114.8,3,2,1,3,0
10,13,10,1,0,114.2,1,2,1,1,0
10,13,12,1,0,114.2,5,2,1,5,0
10,13,16,1,0,113.8,2,2,1,2,0
10,14,9,1,0,114.8,3,2,1,3,0
10,14,10,1,0,114.2,1,2,1,1,0
10,14,12,1,0,114.2,5,2,1,5,0
10,14,13,1,0,114.2,4,2,1,4,0
10,14,16,1,0,113.8,2,2,1,2,0
10,15,9,1,0,114.8,3,2,1,3,0
10,15,10,1,0,114.2,1,2,1,1,0
10,15,12,1,0,114.2,5,2,1,5,0
10,15,13,1,0,114.2,4,2,1,4,0
10,15,16,1,0,113.8,2,2,1,2,0
10,16,9,1,0,114.8,3,2,1,3,0
10,16,10,1,0,114.2,1,2,1,1,0
10,16,12,1,0,114.2,5,2,1,5,0
10,16,13,1,0,114.2,4,2,1,4,0
10,1,3,2,0,194.4,1,1,1,0,1
10,2,3,2,0,194.4,1,1,1,0,1
10,4,3,2,0,194.4,1,1,1,0,1
10,5,3,2,3,194.4,1,1,1,0,1
10,6,3,2,3,194.4,1,1,1,0,1
10,7,3,2,0,194.4,1,1,1,0,1
10,8,3,2,5,194.4,1,1,1,0,1
10,9,15,2,5,115.2,1,2,1,0,1
10,10,15,2,8,115.2,1,2,1,0,1
10,11,15,2,0,115.2,1,2,1,0,1
10,12,15,2,7,115.2,1,2,1,0,1
10,13,15,2,0,115.2,1,2,1,0,1
10,14,15,2,0,115.2,1,2,1,0,1
10,16,15,2,5,115.2,1,2,1,0,1
11,1,2,1,0,154.8,5,1,1,5,0
11,1,5,1,0,154.8,2,1,1,2,0
11,1,6,1,0,154.8,4,1,1,4,0
11,1,7,1,0,154.8,1,1,1,1,0
11,1,8,1,0,154.8,3,1,1,3,0
11,2,5,1,0,154.8,2,1,1,2,0
11,2,6,1,0,154.8,4,1,1,4,0
11,2,7,1,0,154.8,1,1,1,1,0
11,2,8,1,0,154.8,3,1,1,3,0
11,3,2,1,0,154.8,5,1,1,5,0
11,3,5,1,0,154.8,2,1,1,2,0
11,3,6,1,0,154.8,4,1,1,4,0
11,3,7,1,0,154.8,1,1,1,1,0
11,3,8,1,0,154.8,3,1,1,3,0
11,4,2,1,0,154.8,5,1,1,5,0
11,4,5,1,0,154.8,2,1,1,2,0
11,4,6,1,0,154.8,4,1,1,4,0
11,4,7,1,0,154.8,1,1,1,1,0
11,4,8,1,0,154.8,3,1,1,3,0
11,5,2,1,0,154.8,5,1,1,5,0
11,5,6,1,0,154.8,4,1,1,4,0
11,5,7,1,0,154.8,1,1,1,1,0
11,5,8,1,0,154.8,3,1,1,3,0
11,6,2,1,0,154.8,5,1,1,5,0
11,6,5,1,0,154.8,2,1,1,2,0
11,6,7,1,0,154.8,1,1,1,1,0
11,6,8,1,0,154.8,3,1,1,3,0
11,7,2,1,0,154.8,5,1,1,5,0
11,7,5,1,0,154.8,2,1,1,2,0
11,7,6,1,0,154.8,4,1,1,4,0
11,7,8,1,0,154.8,3,1,1,3,0
11,8,2,1,0,154.8,5,1,1,5,0
11,8,5,1,0,154.8,2,1,1,2,0
11,8,6,1,0,154.8,4,1,1,4,0
11,8,7,1,0,154.8,1,1,1,1,0
11,9,10,1,0,150.4,1,2,1,1,0
11,9,12,1,0,150.4,5,2,1,5,0
11,9,13,1,0,150.4,4,2,1,4,0
11,9,16,1,0,150.4,2,2,1,2,0
11,10,9,1,10,206.8,3,2,1,3,0
11,10,12,1,0,150.4,5,2,1,5,0
11,10,13,1,0,150.4,4,2,1,4,0
11,10,16,1,0,150.4,2,2,1,2,0
11,11,9,1,0,206.8,3,2,1,3,0
11,11,10,1,0,150.4,1,2,1,1,0
11,11,12,1,0,150.4,5,2,1,5,0
11,11,13,1,0,150.4,4,2,1,4,0
11,11,16,1,0,150.4,2,2,1,2,0
11,12,9,1,3,206.8,3,2,1,3,0
11,12,10,1,0,150.4,1,2,1,1,0
11,12,13,1,0,150.4,4,2,1,4,0
11,12,16,1,0,150.4,2,2,1,2,0
11,13,9,1,0,206.8,3,2,1,3,0
11,13,10,1,0,150.4,1,2,1,1,0
11,13,12,1,0,150.4,5,2,1,5,0
11,13,16,1,0,150.4,2,2,1,2,0
11,14,9,1,0,206.8,3,2,1,3,0
11,14,10,1,0,150.4,1,2,1,1,0
11,14,12,1,0,150.4,5,2,1,5,0
11,14,13,1,0,150.4,4,2,1,4,0
11,14,16,1,0,150.4,2,2,1,2,0
11,15,9,1,0,206.8,3,2,1,3,0
11,15,10,1,0,150.4,1,2,1,1,0
11,15,12,1,0,150.4,5,2,1,5,0
11,15,13,1,0,150.4,4,2,1,4,0
11,15,16,1,0,150.4,2,2,1,2,0
11,16,9,1,15,206.8,3,2,1,3,0
11,16,10,1,0,150.4,1,2,1,1,0
11,16,12,1,0,150.4,5,2,1,5,0
11,16,13,1,0,150.4,4,2,1,4,0
11,1,3,2,0,182.8,1,1,1,0,1
11,2,3,2,5,182.8,1,1,1,0,1
11,4,3,2,0,182.8,1,1,1,0,1
11,5,3,2,3,182.8,1,1,1,0,1
11,6,3,2,4,182.8,1,1,1,0,1
11,7,3,2,2,182.8,1,1,1,0,1
11,8,3,2,5,182.8,1,1,1,0,1
11,9,14,2,0,169.2,3,2,1,0,3
11,10,14,2,10,169.2,3,2,1,0,3
11,11,14,2,0,169.2,3,2,1,0,3
11,12,14,2,7,169.2,3,2,1,0,3
11,13,14,2,0,169.2,3,2,1,0,3
11,15,14,2,0,169.2,3,2,1,0,3
11,16,14,2,5,169.2,3,2,1,0,3
12,1,2,1,0,165.8,5,1,1,5,0
12,1,5,1,0,165.8,2,1,1,2,0
12,1,6,1,0,165.8,4,1,1,4,0
12,1,7,1,0,165.8,1,1,1,1,0
12,1,8,1,0,165.8,3,1,1,3,0
12,2,5,1,0,165.8,2,1,1,2,0
12,2,6,1,0,165.8,4,1,1,4,0
12,2,7,1,0,165.8,1,1,1,1,0
12,2,8,1,0,165.8,3,1,1,3,0
12,3,2,1,0,165.8,5,1,1,5,0
12,3,5,1,0,165.8,2,1,1,2,0
12,3,6,1,0,165.8,4,1,1,4,0
12,3,7,1,0,165.8,1,1,1,1,0
12,3,8,1,0,165.8,3,1,1,3,0
12,4,2,1,0,165.8,5,1,1,5,0
12,4,5,1,0,165.8,2,1,1,2,0
12,4,6,1,0,165.8,4,1,1,4,0
12,4,7,1,0,165.8,1,1,1,1,0
12,4,8,1,0,165.8,3,1,1,3,0
12,5,2,1,0,165.8,5,1,1,5,0
12,5,6,1,0,165.8,4,1,1,4,0
12,5,7,1,0,165.8,1,1,1,1,0
12,5,8,1,0,165.8,3,1,1,3,0
12,6,2,1,0,165.8,5,1,1,5,0
12,6,5,1,0,165.8,2,1,1,2,0
12,6,7,1,0,165.8,1,1,1,1,0
12,6,8,1,0,165.8,3,1,1,3,0
12,7,2,1,0,165.8,5,1,1,5,0
12,7,5,1,0,165.8,2,1,1,2,0
12,7,6,1,0,165.8,4,1,1,4,0
12,7,8,1,0,165.8,3,1,1,3,0
12,8,2,1,0,165.8,5,1,1,5,0
12,8,5,1,0,165.8,2,1,1,2,0
12,8,6,1,0,165.8,4,1,1,4,0
12,8,7,1,0,165.8,1,1,1,1,0
12,9,10,1,0,123.6,1,2,1,1,0
12,9,12,1,0,123.6,5,2,1,5,0
12,9,13,1,5,130.8,4,2,1,4,0
12,9,16,1,0,125.4,2,2,1,2,0
12,10,9,1,10,134.4,3,2,1,3,0
12,10,12,1,0,123.6,5,2,1,5,0
12,10,13,1,10,130.8,4,2,1,4,0
12,10,16,1,0,125.4,2,2,1,2,0
12,11,9,1,0,134.4,3,2,1,3,0
12,11,10,1,0,123.6,1,2,1,1,0
12,11,12,1,0,123.6,5,2,1,5,0
12,11,13,1,0,130.8,4,2,1,4,0
12,11,16,1,0,125.4,2,2,1,2,0
12,12,9,1,3,134.4,3,2,1,3,0
12,12,10,1,0,123.6,1,2,1,1,0
12,12,13,1,3,130.8,4,2,1,4,0
12,12,16,1,0,125.4,2,2,1,2,0
12,13,9,1,0,134.4,3,2,1,3,0
12,13,10,1,0,123.6,1,2,1,1,0
12,13,12,1,0,123.6,5,2,1,5,0
12,13,16,1,0,125.4,2,2,1,2,0
12,14,9,1,0,134.4,3,2,1,3,0
12,14,10,1,0,123.6,1,2,1,1,0
12,14,12,1,0,123.6,5,2,1,5,0
12,14,13,1,0,130.8,4,2,1,4,0
12,14,16,1,0,125.4,2,2,1,2,0
12,15,9,1,0,134.4,3,2,1,3,0
12,15,10,1,0,123.6,1,2,1,1,0
12,15,12,1,0,123.6,5,2,1,5,0
12,15,13,1,0,130.8,4,2,1,4,0
12,15,16,1,0,125.4,2,2,1,2,0
12,16,9,1,0,134.4,3,2,1,3,0
12,16,10,1,0,123.6,1,2,1,1,0
12,16,12,1,0,123.6,5,2,1,5,0
12,16,13,1,0,130.8,4,2,1,4,0
12,2,1,2,5,187,2,1,1,0,2
12,3,1,2,0,187,2,1,1,0,2
12,4,1,2,0,187,2,1,1,0,2
12,5,1,2,1,187,2,1,1,0,2
12,6,1,2,0,187,2,1,1,0,2
12,7,1,2,2,187,2,1,1,0,2
12,8,1,2,5,187,2,1,1,0,2
12,9,11,2,5,134.4,2,2,1,0,2
12,10,11,2,10,134.4,2,2,1,0,2
12,12,11,2,4,134.4,2,2,1,0,2
12,13,11,2,0,134.4,2,2,1,0,2
12,14,11,2,0,134.4,2,2,1,0,2
12,15,11,2,0,134.4,2,2,1,0,2
12,16,11,2,0,134.4,2,2,1,0,2
13,1,2,1,0,165.8,5,1,1,5,0
13,1,5,1,0,165.8,2,1,1,2,0
13,1,6,1,0,165.8,4,1,1,4,0
13,1,7,1,0,165.8,1,1,1,1,0
13,1,8,1,0,165.8,3,1,1,3,0
13,2,5,1,0,165.8,2,1,1,2,0
13,2,6,1,0,165.8,4,1,1,4,0
13,2,7,1,0,165.8,1,1,1,1,0
13,2,8,1,0,165.8,3,1,1,3,0
13,3,2,1,0,165.8,5,1,1,5,0
13,3,5,1,0,165.8,2,1,1,2,0
13,3,6,1,0,165.8,4,1,1,4,0
13,3,7,1,0,165.8,1,1,1,1,0
13,3,8,1,0,165.8,3,1,1,3,0
13,4,2,1,0,165.8,5,1,1,5,0
13,4,5,1,0,165.8,2,1,1,2,0
13,4,6,1,0,165.8,4,1,1,4,0
13,4,7,1,0,165.8,1,1,1,1,0
13,4,8,1,0,165.8,3,1,1,3,0
13,5,2,1,0,165.8,5,1,1,5,0
13,5,6,1,0,165.8,4,1,1,4,0
13,5,7,1,0,165.8,1,1,1,1,0
13,5,8,1,0,165.8,3,1,1,3,0
13,6,2,1,0,165.8,5,1,1,5,0
13,6,5,1,0,165.8,2,1,1,2,0
13,6,7,1,0,165.8,1,1,1,1,0
13,6,8,1,0,165.8,3,1,1,3,0
13,7,2,1,0,165.8,5,1,1,5,0
13,7,5,1,0,165.8,2,1,1,2,0
13,7,6,1,0,165.8,4,1,1,4,0
13,7,8,1,0,165.8,3,1,1,3,0
13,8,2,1,0,165.8,5,1,1,5,0
13,8,5,1,0,165.8,2,1,1,2,0
13,8,6,1,0,165.8,4,1,1,4,0
13,8,7,1,0,165.8,1,1,1,1,0
13,9,10,1,0,161.8,1,2,1,1,0
13,9,12,1,0,161.8,5,2,1,5,0
13,9,13,1,0,161.8,4,2,1,4,0
13,9,16,1,54,161.8,2,2,1,2,0
13,10,9,1,0,161.8,3,2,1,3,0
13,10,12,1,0,161.8,5,2,1,5,0
13,10,13,1,0,161.8,4,2,1,4,0
13,10,16,1,0,161.8,2,2,1,2,0
13,11,9,1,0,161.8,3,2,1,3,0
13,11,10,1,0,161.8,1,2,1,1,0
13,11,12,1,0,161.8,5,2,1,5,0
13,11,13,1,0,161.8,4,2,1,4,0
13,11,16,1,0,161.8,2,2,1,2,0
13,12,9,1,0,161.8,3,2,1,3,0
13,12,10,1,0,161.8,1,2,1,1,0
13,12,13,1,0,161.8,4,2,1,4,0
13,12,16,1,0,161.8,2,2,1,2,0
13,13,9,1,0,161.8,3,2,1,3,0
13,13,10,1,0,161.8,1,2,1,1,0
13,13,12,1,0,161.8,5,2,1,5,0
13,13,16,1,0,161.8,2,2,1,2,0
13,14,9,1,0,161.8,3,2,1,3,0
13,14,10,1,0,161.8,1,2,1,1,0
13,14,12,1,0,161.8,5,2,1,5,0
13,14,13,1,0,161.8,4,2,1,4,0
13,14,16,1,0,161.8,2,2,1,2,0
13,15,9,1,0,161.8,3,2,1,3,0
13,15,10,1,0,161.8,1,2,1,1,0
13,15,12,1,0,161.8,5,2,1,5,0
13,15,13,1,0,161.8,4,2,1,4,0
13,15,16,1,0,161.8,2,2,1,2,0
13,16,9,1,0,161.8,3,2,1,3,0
13,16,10,1,0,161.8,1,2,1,1,0
13,16,12,1,0,161.8,5,2,1,5,0
13,16,13,1,0,161.8,4,2,1,4,0
13,2,1,2,5,187,2,1,1,0,2
13,3,1,2,0,187,2,1,1,0,2
13,4,1,2,0,187,2,1,1,0,2
13,5,1,2,2,187,2,1,1,0,2
13,6,1,2,5,187,2,1,1,0,2
13,7,1,2,2,187,2,1,1,0,2
13,8,1,2,0,187,2,1,1,0,2
13,9,14,2,1,171.6,3,2,1,0,3
13,10,14,2,10,171.6,3,2,1,0,3
13,11,14,2,0,171.6,3,2,1,0,3
13,12,14,2,5,171.6,3,2,1,0,3
13,13,14,2,0,171.6,3,2,1,0,3
13,15,14,2,0,171.6,3,2,1,0,3
13,16,14,2,0,171.6,3,2,1,0,3
14,1,2,1,0,163.8,5,1,1,5,0
14,1,5,1,0,163.8,2,1,1,2,0
14,1,6,1,0,163.8,4,1,1,4,0
14,1,7,1,0,163.8,1,1,1,1,0
14,1,8,1,0,163.8,3,1,1,3,0
14,2,5,1,0,163.8,2,1,1,2,0
14,2,6,1,0,163.8,4,1,1,4,0
14,2,7,1,0,163.8,1,1,1,1,0
14,2,8,1,0,163.8,3,1,1,3,0
14,3,2,1,0,163.8,5,1,1,5,0
14,3,5,1,0,163.8,2,1,1,2,0
14,3,6,1,0,163.8,4,1,1,4,0
14,3,7,1,0,163.8,1,1,1,1,0
14,3,8,1,0,163.8,3,1,1,3,0
14,4,2,1,0,163.8,5,1,1,5,0
14,4,5,1,0,163.8,2,1,1,2,0
14,4,6,1,0,163.8,4,1,1,4,0
14,4,7,1,0,163.8,1,1,1,1,0
14,4,8,1,0,163.8,3,1,1,3,0
14,5,2,1,0,163.8,5,1,1,5,0
14,5,6,1,0,163.8,4,1,1,4,0
14,5,7,1,0,163.8,1,1,1,1,0
14,5,8,1,0,163.8,3,1,1,3,0
14,6,2,1,0,163.8,5,1,1,5,0
14,6,5,1,0,163.8,2,1,1,2,0
14,6,7,1,0,163.8,1,1,1,1,0
14,6,8,1,0,163.8,3,1,1,3,0
14,7,2,1,0,163.8,5,1,1,5,0
14,7,5,1,0,163.8,2,1,1,2,0
14,7,6,1,0,163.8,4,1,1,4,0
14,7,8,1,0,163.8,3,1,1,3,0
14,8,2,1,0,163.8,5,1,1,5,0
14,8,5,1,0,163.8,2,1,1,2,0
14,8,6,1,0,163.8,4,1,1,4,0
14,8,7,1,0,163.8,1,1,1,1,0
14,9,10,1,0,133.8,1,2,1,1,0
14,9,12,1,0,133.8,5,2,1,5,0
14,9,13,1,0,133.8,4,2,1,4,0
14,9,16,1,17,163.2,2,2,1,2,0
14,10,9,1,0,138,3,2,1,3,0
14,10,12,1,0,133.8,5,2,1,5,0
14,10,13,1,0,133.8,4,2,1,4,0
14,10,16,1,10,163.2,2,2,1,2,0
14,11,9,1,0,138,3,2,1,3,0
14,11,10,1,0,133.8,1,2,1,1,0
14,11,12,1,0,133.8,5,2,1,5,0
14,11,13,1,0,133.8,4,2,1,4,0
14,11,16,1,0,163.2,2,2,1,2,0
14,12,9,1,0,138,3,2,1,3,0
14,12,10,1,0,133.8,1,2,1,1,0
14,12,13,1,0,133.8,4,2,1,4,0
14,12,16,1,30,163.2,2,2,1,2,0
14,13,9,1,0,138,3,2,1,3,0
14,13,10,1,0,133.8,1,2,1,1,0
14,13,12,1,0,133.8,5,2,1,5,0
14,13,16,1,1,163.2,2,2,1,2,0
14,14,9,1,0,138,3,2,1,3,0
14,14,10,1,0,133.8,1,2,1,1,0
14,14,12,1,0,133.8,5,2,1,5,0
14,14,13,1,0,133.8,4,2,1,4,0
14,14,16,1,0,163.2,2,2,1,2,0
14,15,9,1,0,138,3,2,1,3,0
14,15,10,1,0,133.8,1,2,1,1,0
14,15,12,1,0,133.8,5,2,1,5,0
14,15,13,1,0,133.8,4,2,1,4,0
14,15,16,1,0,163.2,2,2,1,2,0
14,16,9,1,0,138,3,2,1,3,0
14,16,10,1,0,133.8,1,2,1,1,0
14,16,12,1,0,133.8,5,2,1,5,0
14,16,13,1,0,133.8,4,2,1,4,0
14,1,4,2,0,184.2,3,1,1,0,3
14,2,4,2,5,184.2,3,1,1,0,3
14,3,4,2,0,184.2,3,1,1,0,3
14,5,4,2,0,184.2,3,1,1,0,3
14,6,4,2,3,184.2,3,1,1,0,3
14,7,4,2,1,184.2,3,1,1,0,3
14,8,4,2,0,184.2,3,1,1,0,3
14,9,15,2,0,133.8,1,2,1,0,1
14,10,15,2,0,133.8,1,2,1,0,1
14,11,15,2,0,133.8,1,2,1,0,1
14,12,15,2,0,133.8,1,2,1,0,1
14,13,15,2,0,133.8,1,2,1,0,1
14,14,15,2,0,133.8,1,2,1,0,1
14,16,15,2,0,133.8,1,2,1,0,1
15,1,2,1,0,149.8,5,1,1,5,0
15,1,5,1,0,172,2,1,1,2,0
15,1,6,1,0,149.8,4,1,1,4,0
15,1,7,1,0,149.8,1,1,1,1,0
15,1,8,1,0,149.8,3,1,1,3,0
15,2,5,1,5,172,2,1,1,2,0
15,2,6,1,0,149.8,4,1,1,4,0
15,2,7,1,0,149.8,1,1,1,1,0
15,2,8,1,0,149.8,3,1,1,3,0
15,3,2,1,0,149.8,5,1,1,5,0
15,3,5,1,0,172,2,1,1,2,0
15,3,6,1,0,149.8,4,1,1,4,0
15,3,7,1,0,149.8,1,1,1,1,0
15,3,8,1,0,149.8,3,1,1,3,0
15,4,2,1,0,149.8,5,1,1,5,0
15,4,5,1,0,172,2,1,1,2,0
15,4,6,1,0,149.8,4,1,1,4,0
15,4,7,1,0,149.8,1,1,1,1,0
15,4,8,1,0,149.8,3,1,1,3,0
15,5,2,1,0,149.8,5,1,1,5,0
15,5,6,1,0,149.8,4,1,1,4,0
15,5,7,1,0,149.8,1,1,1,1,0
15,5,8,1,0,149.8,3,1,1,3,0
15,6,2,1,0,149.8,5,1,1,5,0
15,6,5,1,0,172,2,1,1,2,0
15,6,7,1,0,149.8,1,1,1,1,0
15,6,8,1,0,149.8,3,1,1,3,0
15,7,2,1,0,149.8,5,1,1,5,0
15,7,5,1,2,172,2,1,1,2,0
15,7,6,1,0,149.8,4,1,1,4,0
15,7,8,1,0,149.8,3,1,1,3,0
15,8,2,1,0,149.8,5,1,1,5,0
15,8,5,1,0,172,2,1,1,2,0
15,8,6,1,0,149.8,4,1,1,4,0
15,8,7,1,0,149.8,1,1,1,1,0
15,9,10,1,0,131.8,1,2,1,1,0
15,9,12,1,0,139.4,5,2,1,5,0
15,9,13,1,0,139.4,4,2,1,4,0
15,9,16,1,47,139.4,2,2,1,2,0
15,10,9,1,10,158.4,3,2,1,3,0
15,10,12,1,0,139.4,5,2,1,5,0
15,10,13,1,0,139.4,4,2,1,4,0
15,10,16,1,0,139.4,2,2,1,2,0
15,11,9,1,0,158.4,3,2,1,3,0
15,11,10,1,0,131.8,1,2,1,1,0
15,11,12,1,0,139.4,5,2,1,5,0
15,11,13,1,0,139.4,4,2,1,4,0
15,11,16,1,0,139.4,2,2,1,2,0
15,12,9,1,0,158.4,3,2,1,3,0
15,12,10,1,0,131.8,1,2,1,1,0
15,12,13,1,0,139.4,4,2,1,4,0
15,12,16,1,0,139.4,2,2,1,2,0
15,13,9,1,0,158.4,3,2,1,3,0
15,13,10,1,0,131.8,1,2,1,1,0
15,13,12,1,0,139.4,5,2,1,5,0
15,13,16,1,0,139.4,2,2,1,2,0
15,14,9,1,0,158.4,3,2,1,3,0
15,14,10,1,0,131.8,1,2,1,1,0
15,14,12,1,0,139.4,5,2,1,5,0
15,14,13,1,0,139.4,4,2,1,4,0
15,14,16,1,0,139.4,2,2,1,2,0
15,15,9,1,0,158.4,3,2,1,3,0
15,15,10,1,0,131.8,1,2,1,1,0
15,15,12,1,0,139.4,5,2,1,5,0
15,15,13,1,0,139.4,4,2,1,4,0
15,15,16,1,0,139.4,2,2,1,2,0
15,16,9,1,139,158.4,3,2,1,3,0
15,16,10,1,0,131.8,1,2,1,1,0
15,16,12,1,0,139.4,5,2,1,5,0
15,16,13,1,0,139.4,4,2,1,4,0
15,2,1,2,5,172,2,1,1,0,2
15,3,1,2,0,172,2,1,1,0,2
15,4,1,2,0,172,2,1,1,0,2
15,5,1,2,0,172,2,1,1,0,2
15,6,1,2,0,172,2,1,1,0,2
15,7,1,2,1,172,2,1,1,0,2
15,8,1,2,0,172,2,1,1,0,2
15,9,15,2,0,143.2,1,2,1,0,1
15,10,15,2,10,143.2,1,2,1,0,1
15,11,15,2,0,143.2,1,2,1,0,1
15,12,15,2,0,143.2,1,2,1,0,1
15,13,15,2,0,143.2,1,2,1,0,1
15,14,15,2,0,143.2,1,2,1,0,1
15,16,15,2,0,143.2,1,2,1,0,1
1,1,3,1,0,171.8,4,3,1,4,0
1,1,5,1,0,183.6,5,3,1,5,0
1,1,6,1,0,171.8,2,3,1,2,0
1,1,7,1,0,171.8,3,3,1,3,0
1,1,8,1,0,171.8,1,3,1,1,0
1,2,3,1,0,171.8,4,3,1,4,0
1,2,5,1,0,183.6,5,3,1,5,0
1,2,6,1,0,171.8,2,3,1,2,0
1,2,7,1,0,171.8,3,3,1,3,0
1,2,8,1,0,171.8,1,3,1,1,0
1,3,5,1,1,183.6,5,3,1,5,0
1,3,6,1,0,171.8,2,3,1,2,0
1,3,7,1,0,171.8,3,3,1,3,0
1,3,8,1,0,171.8,1,3,1,1,0
1,4,3,1,0,171.8,4,3,1,4,0
1,4,5,1,0,183.6,5,3,1,5,0
1,4,6,1,0,171.8,2,3,1,2,0
1,4,7,1,0,171.8,3,3,1,3,0
1,4,8,1,0,171.8,1,3,1,1,0
1,5,3,1,0,171.8,4,3,1,4,0
1,5,6,1,0,171.8,2,3,1,2,0
1,5,7,1,0,171.8,3,3,1,3,0
1,5,8,1,0,171.8,1,3,1,1,0
1,6,3,1,0,171.8,4,3,1,4,0
1,6,5,1,0,183.6,5,3,1,5,0
1,6,7,1,0,171.8,3,3,1,3,0
1,6,8,1,0,171.8,1,3,1,1,0
1,7,3,1,0,171.8,4,3,1,4,0
1,7,5,1,0,183.6,5,3,1,5,0
1,7,6,1,0,171.8,2,3,1,2,0
1,7,8,1,0,171.8,1,3,1,1,0
1,8,3,1,0,171.8,4,3,1,4,0
1,8,5,1,0,183.6,5,3,1,5,0
1,8,6,1,0,171.8,2,3,1,2,0
1,8,7,1,0,171.8,3,3,1,3,0
1,9,10,1,0,155.2,4,4,1,4,0
1,9,12,1,0,155.2,2,4,1,2,0
1,9,13,1,0,165.8,3,4,1,3,0
1,9,15,1,0,155.2,5,4,1,5,0
1,10,9,1,0,155.2,1,4,1,1,0
1,10,12,1,0,155.2,2,4,1,2,0
1,10,13,1,0,165.8,3,4,1,3,0
1,10,15,1,0,155.2,5,4,1,5,0
1,11,9,1,0,155.2,1,4,1,1,0
1,11,10,1,0,155.2,4,4,1,4,0
1,11,12,1,0,155.2,2,4,1,2,0
1,11,13,1,0,165.8,3,4,1,3,0
1,11,15,1,0,155.2,5,4,1,5,0
1,12,9,1,0,155.2,1,4,1,1,0
1,12,10,1,0,155.2,4,4,1,4,0
1,12,13,1,0,165.8,3,4,1,3,0
1,12,15,1,0,155.2,5,4,1,5,0
1,13,9,1,0,155.2,1,4,1,1,0
1,13,10,1,0,155.2,4,4,1,4,0
1,13,12,1,0,155.2,2,4,1,2,0
1,13,15,1,0,155.2,5,4,1,5,0
1,14,9,1,0,155.2,1,4,1,1,0
1,14,10,1,0,155.2,4,4,1,4,0
1,14,12,1,0,155.2,2,4,1,2,0
1,14,13,1,0,165.8,3,4,1,3,0
1,14,15,1,0,155.2,5,4,1,5,0
1,15,9,1,0,155.2,1,4,1,1,0
1,15,10,1,0,155.2,4,4,1,4,0
1,15,12,1,0,155.2,2,4,1,2,0
1,15,13,1,0,165.8,3,4,1,3,0
1,16,9,1,0,155.2,1,4,1,1,0
1,16,10,1,0,155.2,4,4,1,4,0
1,16,12,1,0,155.2,2,4,1,2,0
1,16,13,1,0,165.8,3,4,1,3,0
1,16,15,1,0,155.2,5,4,1,5,0
1,1,2,2,0,207.2,1,3,1,0,1
1,3,2,2,3,207.2,1,3,1,0,1
1,4,2,2,0,207.2,1,3,1,0,1
1,5,2,2,0,207.2,1,3,1,0,1
1,6,2,2,0,207.2,1,3,1,0,1
1,7,2,2,3,207.2,1,3,1,0,1
1,8,2,2,0,207.2,1,3,1,0,1
1,9,14,2,0,197.6,2,4,1,0,2
1,10,14,2,0,197.6,2,4,1,0,2
1,11,14,2,0,197.6,2,4,1,0,2
1,12,14,2,0,197.6,2,4,1,0,2
1,13,14,2,0,197.6,2,4,1,0,2
1,15,14,2,0,197.6,2,4,1,0,2
1,16,14,2,0,197.6,2,4,1,0,2
2,1,3,1,0,137.8,4,3,1,4,0
2,1,5,1,0,142.8,5,3,1,5,0
2,1,6,1,0,152.8,2,3,1,2,0
2,1,7,1,0,137.8,3,3,1,3,0
2,1,8,1,0,172.8,1,3,1,1,0
2,2,3,1,0,137.8,4,3,1,4,0
2,2,5,1,0,142.8,5,3,1,5,0
2,2,6,1,0,152.8,2,3,1,2,0
2,2,7,1,0,137.8,3,3,1,3,0
2,2,8,1,0,172.8,1,3,1,1,0
2,3,5,1,0,142.8,5,3,1,5,0
2,3,6,1,0,152.8,2,3,1,2,0
2,3,7,1,0,137.8,3,3,1,3,0
2,3,8,1,0,172.8,1,3,1,1,0
2,4,3,1,0,137.8,4,3,1,4,0
2,4,5,1,0,142.8,5,3,1,5,0
2,4,6,1,0,152.8,2,3,1,2,0
2,4,7,1,0,137.8,3,3,1,3,0
2,4,8,1,0,172.8,1,3,1,1,0
2,5,3,1,0,137.8,4,3,1,4,0
2,5,6,1,0,152.8,2,3,1,2,0
2,5,7,1,0,137.8,3,3,1,3,0
2,5,8,1,1,172.8,1,3,1,1,0
2,6,3,1,0,137.8,4,3,1,4,0
2,6,5,1,0,142.8,5,3,1,5,0
2,6,7,1,0,137.8,3,3,1,3,0
2,6,8,1,0,172.8,1,3,1,1,0
2,7,3,1,0,137.8,4,3,1,4,0
2,7,5,1,0,142.8,5,3,1,5,0
2,7,6,1,0,152.8,2,3,1,2,0
2,7,8,1,0,172.8,1,3,1,1,0
2,8,3,1,1,137.8,4,3,1,4,0
2,8,5,1,1,142.8,5,3,1,5,0
2,8,6,1,1,152.8,2,3,1,2,0
2,8,7,1,1,137.8,3,3,1,3,0
2,9,10,1,0,147.2,4,4,1,4,0
2,9,12,1,0,147.2,2,4,1,2,0
2,9,13,1,0,155.8,3,4,1,3,0
2,9,15,1,0,216,5,4,1,5,0
2,10,9,1,0,164.4,1,4,1,1,0
2,10,12,1,0,147.2,2,4,1,2,0
2,10,13,1,0,155.8,3,4,1,3,0
2,10,15,1,0,216,5,4,1,5,0
2,11,9,1,0,164.4,1,4,1,1,0
2,11,10,1,0,147.2,4,4,1,4,0
2,11,12,1,0,147.2,2,4,1,2,0
2,11,13,1,0,155.8,3,4,1,3,0
2,11,15,1,0,216,5,4,1,5,0
2,12,9,1,0,164.4,1,4,1,1,0
2,12,10,1,0,147.2,4,4,1,4,0
2,12,13,1,0,155.8,3,4,1,3,0
2,12,15,1,0,216,5,4,1,5,0
2,13,9,1,0,164.4,1,4,1,1,0
2,13,10,1,0,147.2,4,4,1,4,0
2,13,12,1,0,147.2,2,4,1,2,0
2,13,15,1,0,216,5,4,1,5,0
2,14,9,1,0,164.4,1,4,1,1,0
2,14,10,1,0,147.2,4,4,1,4,0
2,14,12,1,0,147.2,2,4,1,2,0
2,14,13,1,0,155.8,3,4,1,3,0
2,14,15,1,0,216,5,4,1,5,0
2,15,9,1,0,164.4,1,4,1,1,0
2,15,10,1,0,147.2,4,4,1,4,0
2,15,12,1,0,147.2,2,4,1,2,0
2,15,13,1,0,155.8,3,4,1,3,0
2,16,9,1,0,164.4,1,4,1,1,0
2,16,10,1,0,147.2,4,4,1,4,0
2,16,12,1,0,147.2,2,4,1,2,0
2,16,13,1,0,155.8,3,4,1,3,0
2,16,15,1,0,216,5,4,1,5,0
2,2,1,2,0,172.8,2,3,1,0,2
2,3,1,2,0,172.8,2,3,1,0,2
2,4,1,2,0,172.8,2,3,1,0,2
2,5,1,2,1,172.8,2,3,1,0,2
2,6,1,2,0,172.8,2,3,1,0,2
2,7,1,2,0,172.8,2,3,1,0,2
2,8,1,2,1,172.8,2,3,1,0,2
2,9,16,2,0,155.8,1,4,1,0,1
2,10,16,2,0,155.8,1,4,1,0,1
2,11,16,2,0,155.8,1,4,1,0,1
2,12,16,2,0,155.8,1,4,1,0,1
2,13,16,2,0,155.8,1,4,1,0,1
2,14,16,2,0,155.8,1,4,1,0,1
2,15,16,2,0,155.8,1,4,1,0,1
3,1,3,1,0,153.6,4,3,1,4,0
3,1,5,1,0,153.6,5,3,1,5,0
3,1,6,1,0,184.2,2,3,1,2,0
3,1,7,1,0,153.6,3,3,1,3,0
3,1,8,1,0,153.6,1,3,1,1,0
3,2,3,1,0,153.6,4,3,1,4,0
3,2,5,1,0,153.6,5,3,1,5,0
3,2,6,1,0,184.2,2,3,1,2,0
3,2,7,1,0,153.6,3,3,1,3,0
3,2,8,1,0,153.6,1,3,1,1,0
3,3,5,1,0,153.6,5,3,1,5,0
3,3,6,1,2,184.2,2,3,1,2,0
3,3,7,1,0,153.6,3,3,1,3,0
3,3,8,1,0,153.6,1,3,1,1,0
3,4,3,1,0,153.6,4,3,1,4,0
3,4,5,1,0,153.6,5,3,1,5,0
3,4,6,1,0,184.2,2,3,1,2,0
3,4,7,1,0,153.6,3,3,1,3,0
3,4,8,1,0,153.6,1,3,1,1,0
3,5,3,1,0,153.6,4,3,1,4,0
3,5,6,1,0,184.2,2,3,1,2,0
3,5,7,1,0,153.6,3,3,1,3,0
3,5,8,1,0,153.6,1,3,1,1,0
3,6,3,1,0,153.6,4,3,1,4,0
3,6,5,1,0,153.6,5,3,1,5,0
3,6,7,1,0,153.6,3,3,1,3,0
3,6,8,1,0,153.6,1,3,1,1,0
3,7,3,1,0,153.6,4,3,1,4,0
3,7,5,1,0,153.6,5,3,1,5,0
3,7,6,1,0,184.2,2,3,1,2,0
3,7,8,1,0,153.6,1,3,1,1,0
3,8,3,1,0,153.6,4,3,1,4,0
3,8,5,1,0,153.6,5,3,1,5,0
3,8,6,1,1,184.2,2,3,1,2,0
3,8,7,1,0,153.6,3,3,1,3,0
3,9,10,1,0,130.2,4,4,1,4,0
3,9,12,1,0,147.6,2,4,1,2,0
3,9,13,1,0,147.6,3,4,1,3,0
3,9,15,1,0,170.8,5,4,1,5,0
3,10,9,1,0,130.2,1,4,1,1,0
3,10,12,1,0,147.6,2,4,1,2,0
3,10,13,1,0,147.6,3,4,1,3,0
3,10,15,1,0,170.8,5,4,1,5,0
3,11,9,1,0,130.2,1,4,1,1,0
3,11,10,1,0,130.2,4,4,1,4,0
3,11,12,1,0,147.6,2,4,1,2,0
3,11,13,1,0,147.6,3,4,1,3,0
3,11,15,1,0,170.8,5,4,1,5,0
3,12,9,1,0,130.2,1,4,1,1,0
3,12,10,1,0,130.2,4,4,1,4,0
3,12,13,1,0,147.6,3,4,1,3,0
3,12,15,1,0,170.8,5,4,1,5,0
3,13,9,1,0,130.2,1,4,1,1,0
3,13,10,1,0,130.2,4,4,1,4,0
3,13,12,1,0,147.6,2,4,1,2,0
3,13,15,1,0,170.8,5,4,1,5,0
3,14,9,1,0,130.2,1,4,1,1,0
3,14,10,1,0,130.2,4,4,1,4,0
3,14,12,1,0,147.6,2,4,1,2,0
3,14,13,1,0,147.6,3,4,1,3,0
3,14,15,1,0,170.8,5,4,1,5,0
3,15,9,1,0,130.2,1,4,1,1,0
3,15,10,1,0,130.2,4,4,1,4,0
3,15,12,1,0,147.6,2,4,1,2,0
3,15,13,1,0,147.6,3,4,1,3,0
3,16,9,1,0,130.2,1,4,1,1,0
3,16,10,1,0,130.2,4,4,1,4,0
3,16,12,1,0,147.6,2,4,1,2,0
3,16,13,1,0,147.6,3,4,1,3,0
3,16,15,1,0,170.8,5,4,1,5,0
3,2,1,2,0,235.2,2,3,1,0,2
3,3,1,2,4,235.2,2,3,1,0,2
3,4,1,2,0,235.2,2,3,1,0,2
3,5,1,2,5,235.2,2,3,1,0,2
3,6,1,2,0,235.2,2,3,1,0,2
3,7,1,2,25,235.2,2,3,1,0,2
3,8,1,2,1,235.2,2,3,1,0,2
3,9,16,2,0,170.8,1,4,1,0,1
3,10,16,2,0,170.8,1,4,1,0,1
3,11,16,2,0,170.8,1,4,1,0,1
3,12,16,2,0,170.8,1,4,1,0,1
3,13,16,2,0,170.8,1,4,1,0,1
3,14,16,2,0,170.8,1,4,1,0,1
3,15,16,2,0,170.8,1,4,1,0,1
4,1,3,1,0,145.6,4,3,1,4,0
4,1,5,1,0,178.4,5,3,1,5,0
4,1,6,1,0,170.2,2,3,1,2,0
4,1,7,1,0,145.6,3,3,1,3,0
4,1,8,1,0,145.6,1,3,1,1,0
4,2,3,1,0,145.6,4,3,1,4,0
4,2,5,1,0,178.4,5,3,1,5,0
4,2,6,1,0,170.2,2,3,1,2,0
4,2,7,1,0,145.6,3,3,1,3,0
4,2,8,1,0,145.6,1,3,1,1,0
4,3,5,1,0,178.4,5,3,1,5,0
4,3,6,1,0,170.2,2,3,1,2,0
4,3,7,1,0,145.6,3,3,1,3,0
4,3,8,1,0,145.6,1,3,1,1,0
4,4,3,1,0,145.6,4,3,1,4,0
4,4,5,1,0,178.4,5,3,1,5,0
4,4,6,1,0,170.2,2,3,1,2,0
4,4,7,1,0,145.6,3,3,1,3,0
4,4,8,1,0,145.6,1,3,1,1,0
4,5,3,1,0,145.6,4,3,1,4,0
4,5,6,1,0,170.2,2,3,1,2,0
4,5,7,1,0,145.6,3,3,1,3,0
4,5,8,1,0,145.6,1,3,1,1,0
4,6,3,1,0,145.6,4,3,1,4,0
4,6,5,1,0,178.4,5,3,1,5,0
4,6,7,1,0,145.6,3,3,1,3,0
4,6,8,1,0,145.6,1,3,1,1,0
4,7,3,1,0,145.6,4,3,1,4,0
4,7,5,1,40,178.4,5,3,1,5,0
4,7,6,1,0,170.2,2,3,1,2,0
4,7,8,1,0,145.6,1,3,1,1,0
4,8,3,1,1,145.6,4,3,1,4,0
4,8,5,1,1,178.4,5,3,1,5,0
4,8,6,1,1,170.2,2,3,1,2,0
4,8,7,1,1,145.6,3,3,1,3,0
4,9,10,1,0,131.8,4,4,1,4,0
4,9,12,1,0,139.4,2,4,1,2,0
4,9,13,1,0,143.2,3,4,1,3,0
4,9,15,1,0,158.4,5,4,1,5,0
4,10,9,1,0,128,1,4,1,1,0
4,10,12,1,0,139.4,2,4,1,2,0
4,10,13,1,0,143.2,3,4,1,3,0
4,10,15,1,0,158.4,5,4,1,5,0
4,11,9,1,0,128,1,4,1,1,0
4,11,10,1,0,131.8,4,4,1,4,0
4,11,12,1,0,139.4,2,4,1,2,0
4,11,13,1,0,143.2,3,4,1,3,0
4,11,15,1,0,158.4,5,4,1,5,0
4,12,9,1,0,128,1,4,1,1,0
4,12,10,1,0,131.8,4,4,1,4,0
4,12,13,1,0,143.2,3,4,1,3,0
4,12,15,1,0,158.4,5,4,1,5,0
4,13,9,1,0,128,1,4,1,1,0
4,13,10,1,0,131.8,4,4,1,4,0
4,13,12,1,0,139.4,2,4,1,2,0
4,13,15,1,0,158.4,5,4,1,5,0
4,14,9,1,0,128,1,4,1,1,0
4,14,10,1,0,131.8,4,4,1,4,0
4,14,12,1,0,139.4,2,4,1,2,0
4,14,13,1,0,143.2,3,4,1,3,0
4,14,15,1,0,158.4,5,4,1,5,0
4,15,9,1,0,128,1,4,1,1,0
4,15,10,1,0,131.8,4,4,1,4,0
4,15,12,1,0,139.4,2,4,1,2,0
4,15,13,1,0,143.2,3,4,1,3,0
4,16,9,1,0,128,1,4,1,1,0
4,16,10,1,0,131.8,4,4,1,4,0
4,16,12,1,0,139.4,2,4,1,2,0
4,16,13,1,0,143.2,3,4,1,3,0
4,16,15,1,0,158.4,5,4,1,5,0
4,1,2,2,0,170.2,1,3,1,0,1
4,3,2,2,0,170.2,1,3,1,0,1
4,4,2,2,0,170.2,1,3,1,0,1
4,5,2,2,0,170.2,1,3,1,0,1
4,6,2,2,0,170.2,1,3,1,0,1
4,7,2,2,0,170.2,1,3,1,0,1
4,8,2,2,1,170.2,1,3,1,0,1
4,9,14,2,0,131.8,2,4,1,0,2
4,10,14,2,0,131.8,2,4,1,0,2
4,11,14,2,0,131.8,2,4,1,0,2
4,12,14,2,0,131.8,2,4,1,0,2
4,13,14,2,0,131.8,2,4,1,0,2
4,15,14,2,0,131.8,2,4,1,0,2
4,16,14,2,0,131.8,2,4,1,0,2
5,1,3,1,0,157.8,4,3,1,4,0
5,1,5,1,0,132.8,5,3,1,5,0
5,1,6,1,0,147.8,2,3,1,2,0
5,1,7,1,0,132.8,3,3,1,3,0
5,1,8,1,0,137.8,1,3,1,1,0
5,2,3,1,0,157.8,4,3,1,4,0
5,2,5,1,0,132.8,5,3,1,5,0
5,2,6,1,0,147.8,2,3,1,2,0
5,2,7,1,0,132.8,3,3,1,3,0
5,2,8,1,0,137.8,1,3,1,1,0
5,3,5,1,0,132.8,5,3,1,5,0
5,3,6,1,0,147.8,2,3,1,2,0
5,3,7,1,0,132.8,3,3,1,3,0
5,3,8,1,0,137.8,1,3,1,1,0
5,4,3,1,0,157.8,4,3,1,4,0
5,4,5,1,0,132.8,5,3,1,5,0
5,4,6,1,0,147.8,2,3,1,2,0
5,4,7,1,0,132.8,3,3,1,3,0
5,4,8,1,0,137.8,1,3,1,1,0
5,5,3,1,0,157.8,4,3,1,4,0
5,5,6,1,0,147.8,2,3,1,2,0
5,5,7,1,0,132.8,3,3,1,3,0
5,5,8,1,0,137.8,1,3,1,1,0
5,6,3,1,0,157.8,4,3,1,4,0
5,6,5,1,0,132.8,5,3,1,5,0
5,6,7,1,0,132.8,3,3,1,3,0
5,6,8,1,0,137.8,1,3,1,1,0
5,7,3,1,0,157.8,4,3,1,4,0
5,7,5,1,0,132.8,5,3,1,5,0
5,7,6,1,0,147.8,2,3,1,2,0
5,7,8,1,0,137.8,1,3,1,1,0
5,8,3,1,0,157.8,4,3,1,4,0
5,8,5,1,0,132.8,5,3,1,5,0
5,8,6,1,0,147.8,2,3,1,2,0
5,8,7,1,0,132.8,3,3,1,3,0
5,9,10,1,0,204,4,4,1,4,0
5,9,12,1,0,169.8,2,4,1,2,0
5,9,13,1,0,181.2,3,4,1,3,0
5,9,15,1,0,147,5,4,1,5,0
5,10,9,1,0,181.2,1,4,1,1,0
5,10,12,1,0,169.8,2,4,1,2,0
5,10,13,1,0,181.2,3,4,1,3,0
5,10,15,1,0,147,5,4,1,5,0
5,11,9,1,0,181.2,1,4,1,1,0
5,11,10,1,0,204,4,4,1,4,0
5,11,12,1,0,169.8,2,4,1,2,0
5,11,13,1,0,181.2,3,4,1,3,0
5,11,15,1,0,147,5,4,1,5,0
5,12,9,1,0,181.2,1,4,1,1,0
5,12,10,1,0,204,4,4,1,4,0
5,12,13,1,0,181.2,3,4,1,3,0
5,12,15,1,0,147,5,4,1,5,0
5,13,9,1,0,181.2,1,4,1,1,0
5,13,10,1,0,204,4,4,1,4,0
5,13,12,1,0,169.8,2,4,1,2,0
5,13,15,1,0,147,5,4,1,5,0
5,14,9,1,0,181.2,1,4,1,1,0
5,14,10,1,0,204,4,4,1,4,0
5,14,12,1,0,169.8,2,4,1,2,0
5,14,13,1,0,181.2,3,4,1,3,0
5,14,15,1,0,147,5,4,1,5,0
5,15,9,1,0,181.2,1,4,1,1,0
5,15,10,1,0,204,4,4,1,4,0
5,15,12,1,0,169.8,2,4,1,2,0
5,15,13,1,0,181.2,3,4,1,3,0
5,16,9,1,0,181.2,1,4,1,1,0
5,16,10,1,0,204,4,4,1,4,0
5,16,12,1,0,169.8,2,4,1,2,0
5,16,13,1,0,181.2,3,4,1,3,0
5,16,15,1,0,147,5,4,1,5,0
5,1,2,2,0,172.8,1,3,1,0,1
5,3,2,2,0,172.8,1,3,1,0,1
5,4,2,2,0,172.8,1,3,1,0,1
5,5,2,2,0,172.8,1,3,1,0,1
5,6,2,2,0,172.8,1,3,1,0,1
5,7,2,2,0,172.8,1,3,1,0,1
5,8,2,2,0,172.8,1,3,1,0,1
5,9,11,2,0,192.6,3,4,1,0,3
5,10,11,2,0,192.6,3,4,1,0,3
5,12,11,2,0,192.6,3,4,1,0,3
5,13,11,2,0,192.6,3,4,1,0,3
5,14,11,2,0,192.6,3,4,1,0,3
5,15,11,2,0,192.6,3,4,1,0,3
5,16,11,2,0,192.6,3,4,1,0,3
6,1,3,1,0,156.2,4,3,1,4,0
6,1,5,1,0,137.6,5,3,1,5,0
6,1,6,1,0,162.4,2,3,1,2,0
6,1,7,1,0,137.6,3,3,1,3,0
6,1,8,1,0,137.6,1,3,1,1,0
6,2,3,1,0,156.2,4,3,1,4,0
6,2,5,1,0,137.6,5,3,1,5,0
6,2,6,1,0,162.4,2,3,1,2,0
6,2,7,1,0,137.6,3,3,1,3,0
6,2,8,1,0,137.6,1,3,1,1,0
6,3,5,1,0,137.6,5,3,1,5,0
6,3,6,1,0,162.4,2,3,1,2,0
6,3,7,1,0,137.6,3,3,1,3,0
6,3,8,1,0,137.6,1,3,1,1,0
6,4,3,1,0,156.2,4,3,1,4,0
6,4,5,1,0,137.6,5,3,1,5,0
6,4,6,1,0,162.4,2,3,1,2,0
6,4,7,1,0,137.6,3,3,1,3,0
6,4,8,1,0,137.6,1,3,1,1,0
6,5,3,1,0,156.2,4,3,1,4,0
6,5,6,1,0,162.4,2,3,1,2,0
6,5,7,1,0,137.6,3,3,1,3,0
6,5,8,1,0,137.6,1,3,1,1,0
6,6,3,1,0,156.2,4,3,1,4,0
6,6,5,1,0,137.6,5,3,1,5,0
6,6,7,1,0,137.6,3,3,1,3,0
6,6,8,1,0,137.6,1,3,1,1,0
6,7,3,1,0,156.2,4,3,1,4,0
6,7,5,1,0,137.6,5,3,1,5,0
6,7,6,1,0,162.4,2,3,1,2,0
6,7,8,1,0,137.6,1,3,1,1,0
6,8,3,1,0,156.2,4,3,1,4,0
6,8,5,1,0,137.6,5,3,1,5,0
6,8,6,1,0,162.4,2,3,1,2,0
6,8,7,1,0,137.6,3,3,1,3,0
6,9,10,1,0,175.8,4,4,1,4,0
6,9,12,1,0,157.8,2,4,1,2,0
6,9,13,1,0,166.8,3,4,1,3,0
6,9,15,1,0,157.8,5,4,1,5,0
6,10,9,1,0,166.8,1,4,1,1,0
6,10,12,1,0,157.8,2,4,1,2,0
6,10,13,1,0,166.8,3,4,1,3,0
6,10,15,1,0,157.8,5,4,1,5,0
6,11,9,1,0,166.8,1,4,1,1,0
6,11,10,1,0,175.8,4,4,1,4,0
6,11,12,1,0,157.8,2,4,1,2,0
6,11,13,1,0,166.8,3,4,1,3,0
6,11,15,1,0,157.8,5,4,1,5,0
6,12,9,1,0,166.8,1,4,1,1,0
6,12,10,1,0,175.8,4,4,1,4,0
6,12,13,1,0,166.8,3,4,1,3,0
6,12,15,1,0,157.8,5,4,1,5,0
6,13,9,1,0,166.8,1,4,1,1,0
6,13,10,1,0,175.8,4,4,1,4,0
6,13,12,1,0,157.8,2,4,1,2,0
6,13,15,1,0,157.8,5,4,1,5,0
6,14,9,1,0,166.8,1,4,1,1,0
6,14,10,1,0,175.8,4,4,1,4,0
6,14,12,1,0,157.8,2,4,1,2,0
6,14,13,1,0,166.8,3,4,1,3,0
6,14,15,1,0,157.8,5,4,1,5,0
6,15,9,1,0,166.8,1,4,1,1,0
6,15,10,1,0,175.8,4,4,1,4,0
6,15,12,1,0,157.8,2,4,1,2,0
6,15,13,1,0,166.8,3,4,1,3,0
6,16,9,1,0,166.8,1,4,1,1,0
6,16,10,1,0,175.8,4,4,1,4,0
6,16,12,1,0,157.8,2,4,1,2,0
6,16,13,1,0,166.8,3,4,1,3,0
6,16,15,1,0,157.8,5,4,1,5,0
6,1,2,2,0,187.2,1,3,1,0,1
6,3,2,2,0,187.2,1,3,1,0,1
6,4,2,2,0,187.2,1,3,1,0,1
6,5,2,2,0,187.2,1,3,1,0,1
6,6,2,2,0,187.2,1,3,1,0,1
6,7,2,2,0,187.2,1,3,1,0,1
6,8,2,2,0,187.2,1,3,1,0,1
6,9,16,2,0,175.8,1,4,1,0,1
6,10,16,2,0,175.8,1,4,1,0,1
6,11,16,2,0,175.8,1,4,1,0,1
6,12,16,2,0,175.8,1,4,1,0,1
6,13,16,2,0,175.8,1,4,1,0,1
6,14,16,2,0,175.8,1,4,1,0,1
6,15,16,2,0,175.8,1,4,1,0,1
7,1,3,1,0,170.2,4,3,1,4,0
7,1,5,1,0,145.6,5,3,1,5,0
7,1,6,1,0,170.2,2,3,1,2,0
7,1,7,1,0,186.6,3,3,1,3,0
7,1,8,1,0,129.2,1,3,1,1,0
7,2,3,1,0,170.2,4,3,1,4,0
7,2,5,1,0,145.6,5,3,1,5,0
7,2,6,1,0,170.2,2,3,1,2,0
7,2,7,1,0,186.6,3,3,1,3,0
7,2,8,1,0,129.2,1,3,1,1,0
7,3,5,1,0,145.6,5,3,1,5,0
7,3,6,1,0,170.2,2,3,1,2,0
7,3,7,1,0,186.6,3,3,1,3,0
7,3,8,1,0,129.2,1,3,1,1,0
7,4,3,1,0,170.2,4,3,1,4,0
7,4,5,1,0,145.6,5,3,1,5,0
7,4,6,1,0,170.2,2,3,1,2,0
7,4,7,1,0,186.6,3,3,1,3,0
7,4,8,1,0,129.2,1,3,1,1,0
7,5,3,1,0,170.2,4,3,1,4,0
7,5,6,1,0,170.2,2,3,1,2,0
7,5,7,1,12,186.6,3,3,1,3,0
7,5,8,1,0,129.2,1,3,1,1,0
7,6,3,1,0,170.2,4,3,1,4,0
7,6,5,1,0,145.6,5,3,1,5,0
7,6,7,1,0,186.6,3,3,1,3,0
7,6,8,1,0,129.2,1,3,1,1,0
7,7,3,1,0,170.2,4,3,1,4,0
7,7,5,1,0,145.6,5,3,1,5,0
7,7,6,1,0,170.2,2,3,1,2,0
7,7,8,1,0,129.2,1,3,1,1,0
7,8,3,1,0,170.2,4,3,1,4,0
7,8,5,1,0,145.6,5,3,1,5,0
7,8,6,1,0,170.2,2,3,1,2,0
7,8,7,1,12,186.6,3,3,1,3,0
7,9,10,1,0,57.6,4,4,1,4,0
7,9,12,1,0,57.6,2,4,1,2,0
7,9,13,1,0,57.6,3,4,1,3,0
7,9,15,1,0,57.6,5,4,1,5,0
7,10,9,1,0,57.6,1,4,1,1,0
7,10,12,1,0,57.6,2,4,1,2,0
7,10,13,1,0,57.6,3,4,1,3,0
7,10,15,1,0,57.6,5,4,1,5,0
7,11,9,1,0,57.6,1,4,1,1,0
7,11,10,1,0,57.6,4,4,1,4,0
7,11,12,1,0,57.6,2,4,1,2,0
7,11,13,1,0,57.6,3,4,1,3,0
7,11,15,1,0,57.6,5,4,1,5,0
7,12,9,1,0,57.6,1,4,1,1,0
7,12,10,1,0,57.6,4,4,1,4,0
7,12,13,1,0,57.6,3,4,1,3,0
7,12,15,1,0,57.6,5,4,1,5,0
7,13,9,1,0,57.6,1,4,1,1,0
7,13,10,1,0,57.6,4,4,1,4,0
7,13,12,1,0,57.6,2,4,1,2,0
7,13,15,1,0,57.6,5,4,1,5,0
7,14,9,1,0,57.6,1,4,1,1,0
7,14,10,1,0,57.6,4,4,1,4,0
7,14,12,1,0,57.6,2,4,1,2,0
7,14,13,1,0,57.6,3,4,1,3,0
7,14,15,1,0,57.6,5,4,1,5,0
7,15,9,1,0,57.6,1,4,1,1,0
7,15,10,1,0,57.6,4,4,1,4,0
7,15,12,1,0,57.6,2,4,1,2,0
7,15,13,1,0,57.6,3,4,1,3,0
7,16,9,1,0,57.6,1,4,1,1,0
7,16,10,1,0,57.6,4,4,1,4,0
7,16,12,1,0,57.6,2,4,1,2,0
7,16,13,1,0,57.6,3,4,1,3,0
7,16,15,1,0,57.6,5,4,1,5,0
7,1,4,2,0,153.8,3,3,1,0,3
7,2,4,2,0,153.8,3,3,1,0,3
7,3,4,2,0,153.8,3,3,1,0,3
7,5,4,2,0,153.8,3,3,1,0,3
7,6,4,2,0,153.8,3,3,1,0,3
7,7,4,2,0,153.8,3,3,1,0,3
7,8,4,2,0,153.8,3,3,1,0,3
7,9,16,2,0,76,1,4,1,0,1
7,10,16,2,0,76,1,4,1,0,1
7,11,16,2,0,76,1,4,1,0,1
7,12,16,2,1,76,1,4,1,0,1
7,13,16,2,1,76,1,4,1,0,1
7,14,16,2,0,76,1,4,1,0,1
7,15,16,2,2,76,1,4,1,0,1
8,1,3,1,0,136.8,4,3,1,4,0
8,1,5,1,0,133.8,5,3,1,5,0
8,1,6,1,0,133.8,2,3,1,2,0
8,1,7,1,0,127.8,3,3,1,3,0
8,1,8,1,0,133.8,1,3,1,1,0
8,2,3,1,0,136.8,4,3,1,4,0
8,2,5,1,0,133.8,5,3,1,5,0
8,2,6,1,0,133.8,2,3,1,2,0
8,2,7,1,0,127.8,3,3,1,3,0
8,2,8,1,0,133.8,1,3,1,1,0
8,3,5,1,0,133.8,5,3,1,5,0
8,3,6,1,0,133.8,2,3,1,2,0
8,3,7,1,0,127.8,3,3,1,3,0
8,3,8,1,0,133.8,1,3,1,1,0
8,4,3,1,0,136.8,4,3,1,4,0
8,4,5,1,0,133.8,5,3,1,5,0
8,4,6,1,0,133.8,2,3,1,2,0
8,4,7,1,0,127.8,3,3,1,3,0
8,4,8,1,0,133.8,1,3,1,1,0
8,5,3,1,0,136.8,4,3,1,4,0
8,5,6,1,0,133.8,2,3,1,2,0
8,5,7,1,0,127.8,3,3,1,3,0
8,5,8,1,0,133.8,1,3,1,1,0
8,6,3,1,0,136.8,4,3,1,4,0
8,6,5,1,0,133.8,5,3,1,5,0
8,6,7,1,0,127.8,3,3,1,3,0
8,6,8,1,0,133.8,1,3,1,1,0
8,7,3,1,0,136.8,4,3,1,4,0
8,7,5,1,0,133.8,5,3,1,5,0
8,7,6,1,0,133.8,2,3,1,2,0
8,7,8,1,0,133.8,1,3,1,1,0
8,8,3,1,1,136.8,4,3,1,4,0
8,8,5,1,1,133.8,5,3,1,5,0
8,8,6,1,1,133.8,2,3,1,2,0
8,8,7,1,1,127.8,3,3,1,3,0
8,9,10,1,0,147.8,4,4,1,4,0
8,9,12,1,0,182.8,2,4,1,2,0
8,9,13,1,0,154.8,3,4,1,3,0
8,9,15,1,0,147.8,5,4,1,5,0
8,10,9,1,0,161.8,1,4,1,1,0
8,10,12,1,0,182.8,2,4,1,2,0
8,10,13,1,0,154.8,3,4,1,3,0
8,10,15,1,0,147.8,5,4,1,5,0
8,11,9,1,0,161.8,1,4,1,1,0
8,11,10,1,0,147.8,4,4,1,4,0
8,11,12,1,0,182.8,2,4,1,2,0
8,11,13,1,0,154.8,3,4,1,3,0
8,11,15,1,0,147.8,5,4,1,5,0
8,12,9,1,0,161.8,1,4,1,1,0
8,12,10,1,0,147.8,4,4,1,4,0
8,12,13,1,0,154.8,3,4,1,3,0
8,12,15,1,0,147.8,5,4,1,5,0
8,13,9,1,0,161.8,1,4,1,1,0
8,13,10,1,0,147.8,4,4,1,4,0
8,13,12,1,0,182.8,2,4,1,2,0
8,13,15,1,0,147.8,5,4,1,5,0
8,14,9,1,0,161.8,1,4,1,1,0
8,14,10,1,0,147.8,4,4,1,4,0
8,14,12,1,0,182.8,2,4,1,2,0
8,14,13,1,0,154.8,3,4,1,3,0
8,14,15,1,0,147.8,5,4,1,5,0
8,15,9,1,0,161.8,1,4,1,1,0
8,15,10,1,0,147.8,4,4,1,4,0
8,15,12,1,0,182.8,2,4,1,2,0
8,15,13,1,0,154.8,3,4,1,3,0
8,16,9,1,0,161.8,1,4,1,1,0
8,16,10,1,0,147.8,4,4,1,4,0
8,16,12,1,0,182.8,2,4,1,2,0
8,16,13,1,0,154.8,3,4,1,3,0
8,16,15,1,0,147.8,5,4,1,5,0
8,2,1,2,0,148.8,2,3,1,0,2
8,3,1,2,0,148.8,2,3,1,0,2
8,4,1,2,0,148.8,2,3,1,0,2
8,5,1,2,2,148.8,2,3,1,0,2
8,6,1,2,0,148.8,2,3,1,0,2
8,7,1,2,10,148.8,2,3,1,0,2
8,8,1,2,1,148.8,2,3,1,0,2
8,9,11,2,0,175.8,3,4,1,0,3
8,10,11,2,0,175.8,3,4,1,0,3
8,12,11,2,1,175.8,3,4,1,0,3
8,13,11,2,1,175.8,3,4,1,0,3
8,14,11,2,0,175.8,3,4,1,0,3
8,15,11,2,2,175.8,3,4,1,0,3
8,16,11,2,0,175.8,3,4,1,0,3
9,1,3,1,0,145.2,4,3,1,4,0
9,1,5,1,0,139.8,5,3,1,5,0
9,1,6,1,0,166.8,2,3,1,2,0
9,1,7,1,0,139.8,3,3,1,3,0
9,1,8,1,0,134.4,1,3,1,1,0
9,2,3,1,0,145.2,4,3,1,4,0
9,2,5,1,0,139.8,5,3,1,5,0
9,2,6,1,0,166.8,2,3,1,2,0
9,2,7,1,0,139.8,3,3,1,3,0
9,2,8,1,0,134.4,1,3,1,1,0
9,3,5,1,0,139.8,5,3,1,5,0
9,3,6,1,0,166.8,2,3,1,2,0
9,3,7,1,0,139.8,3,3,1,3,0
9,3,8,1,0,134.4,1,3,1,1,0
9,4,3,1,0,145.2,4,3,1,4,0
9,4,5,1,0,139.8,5,3,1,5,0
9,4,6,1,0,166.8,2,3,1,2,0
9,4,7,1,0,139.8,3,3,1,3,0
9,4,8,1,0,134.4,1,3,1,1,0
9,5,3,1,0,145.2,4,3,1,4,0
9,5,6,1,0,166.8,2,3,1,2,0
9,5,7,1,0,139.8,3,3,1,3,0
9,5,8,1,0,134.4,1,3,1,1,0
9,6,3,1,0,145.2,4,3,1,4,0
9,6,5,1,0,139.8,5,3,1,5,0
9,6,7,1,0,139.8,3,3,1,3,0
9,6,8,1,0,134.4,1,3,1,1,0
9,7,3,1,0,145.2,4,3,1,4,0
9,7,5,1,0,139.8,5,3,1,5,0
9,7,6,1,40,166.8,2,3,1,2,0
9,7,8,1,0,134.4,1,3,1,1,0
9,8,3,1,0,145.2,4,3,1,4,0
9,8,5,1,0,139.8,5,3,1,5,0
9,8,6,1,0,166.8,2,3,1,2,0
9,8,7,1,0,139.8,3,3,1,3,0
9,9,10,1,0,172,4,4,1,4,0
9,9,12,1,0,164.6,2,4,1,2,0
9,9,13,1,0,157.2,3,4,1,3,0
9,9,15,1,0,157.2,5,4,1,5,0
9,10,9,1,0,164.6,1,4,1,1,0
9,10,12,1,0,164.6,2,4,1,2,0
9,10,13,1,0,157.2,3,4,1,3,0
9,10,15,1,0,157.2,5,4,1,5,0
9,11,9,1,0,164.6,1,4,1,1,0
9,11,10,1,0,172,4,4,1,4,0
9,11,12,1,0,164.6,2,4,1,2,0
9,11,13,1,0,157.2,3,4,1,3,0
9,11,15,1,0,157.2,5,4,1,5,0
9,12,9,1,0,164.6,1,4,1,1,0
9,12,10,1,0,172,4,4,1,4,0
9,12,13,1,0,157.2,3,4,1,3,0
9,12,15,1,0,157.2,5,4,1,5,0
9,13,9,1,0,164.6,1,4,1,1,0
9,13,10,1,0,172,4,4,1,4,0
9,13,12,1,0,164.6,2,4,1,2,0
9,13,15,1,0,157.2,5,4,1,5,0
9,14,9,1,0,164.6,1,4,1,1,0
9,14,10,1,0,172,4,4,1,4,0
9,14,12,1,0,164.6,2,4,1,2,0
9,14,13,1,0,157.2,3,4,1,3,0
9,14,15,1,0,157.2,5,4,1,5,0
9,15,9,1,0,164.6,1,4,1,1,0
9,15,10,1,0,172,4,4,1,4,0
9,15,12,1,0,164.6,2,4,1,2,0
9,15,13,1,0,157.2,3,4,1,3,0
9,16,9,1,0,164.6,1,4,1,1,0
9,16,10,1,0,172,4,4,1,4,0
9,16,12,1,0,164.6,2,4,1,2,0
9,16,13,1,0,157.2,3,4,1,3,0
9,16,15,1,0,157.2,5,4,1,5,0
9,1,2,2,0,177.6,1,3,1,0,1
9,3,2,2,0,177.6,1,3,1,0,1
9,4,2,2,0,177.6,1,3,1,0,1
9,5,2,2,0,177.6,1,3,1,0,1
9,6,2,2,0,177.6,1,3,1,0,1
9,7,2,2,10,177.6,1,3,1,0,1
9,8,2,2,8,177.6,1,3,1,0,1
9,9,11,2,0,186.8,3,4,1,0,3
9,10,11,2,0,186.8,3,4,1,0,3
9,12,11,2,1,186.8,3,4,1,0,3
9,13,11,2,1,186.8,3,4,1,0,3
9,14,11,2,0,186.8,3,4,1,0,3
9,15,11,2,7,186.8,3,4,1,0,3
9,16,11,2,0,186.8,3,4,1,0,3
10,1,3,1,0,159.2,4,3,1,4,0
10,1,5,1,0,147.6,5,3,1,5,0
10,1,6,1,0,153.4,2,3,1,2,0
10,1,7,1,0,136,3,3,1,3,0
10,1,8,1,0,136,1,3,1,1,0
10,2,3,1,0,159.2,4,3,1,4,0
10,2,5,1,0,147.6,5,3,1,5,0
10,2,6,1,0,153.4,2,3,1,2,0
10,2,7,1,0,136,3,3,1,3,0
10,2,8,1,0,136,1,3,1,1,0
10,3,5,1,0,147.6,5,3,1,5,0
10,3,6,1,0,153.4,2,3,1,2,0
10,3,7,1,0,136,3,3,1,3,0
10,3,8,1,0,136,1,3,1,1,0
10,4,3,1,0,159.2,4,3,1,4,0
10,4,5,1,0,147.6,5,3,1,5,0
10,4,6,1,0,153.4,2,3,1,2,0
10,4,7,1,0,136,3,3,1,3,0
10,4,8,1,0,136,1,3,1,1,0
10,5,3,1,0,159.2,4,3,1,4,0
10,5,6,1,0,153.4,2,3,1,2,0
10,5,7,1,0,136,3,3,1,3,0
10,5,8,1,0,136,1,3,1,1,0
10,6,3,1,0,159.2,4,3,1,4,0
10,6,5,1,0,147.6,5,3,1,5,0
10,6,7,1,0,136,3,3,1,3,0
10,6,8,1,0,136,1,3,1,1,0
10,7,3,1,0,159.2,4,3,1,4,0
10,7,5,1,0,147.6,5,3,1,5,0
10,7,6,1,0,153.4,2,3,1,2,0
10,7,8,1,0,136,1,3,1,1,0
10,8,3,1,0,159.2,4,3,1,4,0
10,8,5,1,0,147.6,5,3,1,5,0
10,8,6,1,0,153.4,2,3,1,2,0
10,8,7,1,0,136,3,3,1,3,0
10,9,10,1,0,143.4,4,4,1,4,0
10,9,12,1,0,140,2,4,1,2,0
10,9,13,1,0,136.6,3,4,1,3,0
10,9,15,1,0,136.6,5,4,1,5,0
10,10,9,1,0,140,1,4,1,1,0
10,10,12,1,0,140,2,4,1,2,0
10,10,13,1,0,136.6,3,4,1,3,0
10,10,15,1,0,136.6,5,4,1,5,0
10,11,9,1,0,140,1,4,1,1,0
10,11,10,1,0,143.4,4,4,1,4,0
10,11,12,1,0,140,2,4,1,2,0
10,11,13,1,0,136.6,3,4,1,3,0
10,11,15,1,0,136.6,5,4,1,5,0
10,12,9,1,0,140,1,4,1,1,0
10,12,10,1,0,143.4,4,4,1,4,0
10,12,13,1,0,136.6,3,4,1,3,0
10,12,15,1,0,136.6,5,4,1,5,0
10,13,9,1,0,140,1,4,1,1,0
10,13,10,1,0,143.4,4,4,1,4,0
10,13,12,1,0,140,2,4,1,2,0
10,13,15,1,0,136.6,5,4,1,5,0
10,14,9,1,0,140,1,4,1,1,0
10,14,10,1,0,143.4,4,4,1,4,0
10,14,12,1,0,140,2,4,1,2,0
10,14,13,1,0,136.6,3,4,1,3,0
10,14,15,1,0,136.6,5,4,1,5,0
10,15,9,1,0,140,1,4,1,1,0
10,15,10,1,0,143.4,4,4,1,4,0
10,15,12,1,0,140,2,4,1,2,0
10,15,13,1,0,136.6,3,4,1,3,0
10,16,9,1,0,140,1,4,1,1,0
10,16,10,1,0,143.4,4,4,1,4,0
10,16,12,1,0,140,2,4,1,2,0
10,16,13,1,0,136.6,3,4,1,3,0
10,16,15,1,0,136.6,5,4,1,5,0
10,1,4,2,0,141.8,3,3,1,0,3
10,2,4,2,0,141.8,3,3,1,0,3
10,3,4,2,0,141.8,3,3,1,0,3
10,5,4,2,0,141.8,3,3,1,0,3
10,6,4,2,0,141.8,3,3,1,0,3
10,7,4,2,0,141.8,3,3,1,0,3
10,8,4,2,4,141.8,3,3,1,0,3
10,9,14,2,0,140,2,4,1,0,2
10,10,14,2,0,140,2,4,1,0,2
10,11,14,2,0,140,2,4,1,0,2
10,12,14,2,1,140,2,4,1,0,2
10,13,14,2,0,140,2,4,1,0,2
10,15,14,2,0,140,2,4,1,0,2
10,16,14,2,0,140,2,4,1,0,2
11,1,3,1,0,153.4,4,3,1,4,0
11,1,5,1,0,141.8,5,3,1,5,0
11,1,6,1,0,153.4,2,3,1,2,0
11,1,7,1,0,141.8,3,3,1,3,0
11,1,8,1,0,141.8,1,3,1,1,0
11,2,3,1,0,153.4,4,3,1,4,0
11,2,5,1,0,141.8,5,3,1,5,0
11,2,6,1,0,153.4,2,3,1,2,0
11,2,7,1,0,141.8,3,3,1,3,0
11,2,8,1,0,141.8,1,3,1,1,0
11,3,5,1,0,141.8,5,3,1,5,0
11,3,6,1,0,153.4,2,3,1,2,0
11,3,7,1,0,141.8,3,3,1,3,0
11,3,8,1,0,141.8,1,3,1,1,0
11,4,3,1,0,153.4,4,3,1,4,0
11,4,5,1,0,141.8,5,3,1,5,0
11,4,6,1,0,153.4,2,3,1,2,0
11,4,7,1,0,141.8,3,3,1,3,0
11,4,8,1,0,141.8,1,3,1,1,0
11,5,3,1,0,153.4,4,3,1,4,0
11,5,6,1,0,153.4,2,3,1,2,0
11,5,7,1,0,141.8,3,3,1,3,0
11,5,8,1,0,141.8,1,3,1,1,0
11,6,3,1,0,153.4,4,3,1,4,0
11,6,5,1,0,141.8,5,3,1,5,0
11,6,7,1,0,141.8,3,3,1,3,0
11,6,8,1,0,141.8,1,3,1,1,0
11,7,3,1,0,153.4,4,3,1,4,0
11,7,5,1,0,141.8,5,3,1,5,0
11,7,6,1,0,153.4,2,3,1,2,0
11,7,8,1,0,141.8,1,3,1,1,0
11,8,3,1,0,153.4,4,3,1,4,0
11,8,5,1,0,141.8,5,3,1,5,0
11,8,6,1,0,153.4,2,3,1,2,0
11,8,7,1,0,141.8,3,3,1,3,0
11,9,10,1,0,171.6,4,4,1,4,0
11,9,12,1,0,161.8,2,4,1,2,0
11,9,13,1,0,161.8,3,4,1,3,0
11,9,15,1,0,161.8,5,4,1,5,0
11,10,9,1,0,161.8,1,4,1,1,0
11,10,12,1,0,161.8,2,4,1,2,0
11,10,13,1,0,161.8,3,4,1,3,0
11,10,15,1,0,161.8,5,4,1,5,0
11,11,9,1,0,161.8,1,4,1,1,0
11,11,10,1,0,171.6,4,4,1,4,0
11,11,12,1,0,161.8,2,4,1,2,0
11,11,13,1,0,161.8,3,4,1,3,0
11,11,15,1,0,161.8,5,4,1,5,0
11,12,9,1,0,161.8,1,4,1,1,0
11,12,10,1,0,171.6,4,4,1,4,0
11,12,13,1,0,161.8,3,4,1,3,0
11,12,15,1,0,161.8,5,4,1,5,0
11,13,9,1,0,161.8,1,4,1,1,0
11,13,10,1,0,171.6,4,4,1,4,0
11,13,12,1,0,161.8,2,4,1,2,0
11,13,15,1,0,161.8,5,4,1,5,0
11,14,9,1,0,161.8,1,4,1,1,0
11,14,10,1,0,171.6,4,4,1,4,0
11,14,12,1,0,161.8,2,4,1,2,0
11,14,13,1,0,161.8,3,4,1,3,0
11,14,15,1,0,161.8,5,4,1,5,0
11,15,9,1,0,161.8,1,4,1,1,0
11,15,10,1,0,171.6,4,4,1,4,0
11,15,12,1,0,161.8,2,4,1,2,0
11,15,13,1,0,161.8,3,4,1,3,0
11,16,9,1,0,161.8,1,4,1,1,0
11,16,10,1,0,171.6,4,4,1,4,0
11,16,12,1,0,161.8,2,4,1,2,0
11,16,13,1,0,161.8,3,4,1,3,0
11,16,15,1,0,161.8,5,4,1,5,0
11,2,1,2,0,182.4,2,3,1,0,2
11,3,1,2,0,182.4,2,3,1,0,2
11,4,1,2,0,182.4,2,3,1,0,2
11,5,1,2,1,182.4,2,3,1,0,2
11,6,1,2,0,182.4,2,3,1,0,2
11,7,1,2,0,182.4,2,3,1,0,2
11,8,1,2,3,182.4,2,3,1,0,2
11,9,14,2,0,171.6,2,4,1,0,2
11,10,14,2,0,171.6,2,4,1,0,2
11,11,14,2,0,171.6,2,4,1,0,2
11,12,14,2,0,171.6,2,4,1,0,2
11,13,14,2,0,171.6,2,4,1,0,2
11,15,14,2,0,171.6,2,4,1,0,2
11,16,14,2,0,171.6,2,4,1,0,2
12,1,3,1,0,147.8,4,3,1,4,0
12,1,5,1,0,142.8,5,3,1,5,0
12,1,6,1,0,147.8,2,3,1,2,0
12,1,7,1,0,142.8,3,3,1,3,0
12,1,8,1,0,137.8,1,3,1,1,0
12,2,3,1,0,147.8,4,3,1,4,0
12,2,5,1,0,142.8,5,3,1,5,0
12,2,6,1,0,147.8,2,3,1,2,0
12,2,7,1,0,142.8,3,3,1,3,0
12,2,8,1,0,137.8,1,3,1,1,0
12,3,5,1,0,142.8,5,3,1,5,0
12,3,6,1,0,147.8,2,3,1,2,0
12,3,7,1,0,142.8,3,3,1,3,0
12,3,8,1,0,137.8,1,3,1,1,0
12,4,3,1,0,147.8,4,3,1,4,0
12,4,5,1,0,142.8,5,3,1,5,0
12,4,6,1,0,147.8,2,3,1,2,0
12,4,7,1,0,142.8,3,3,1,3,0
12,4,8,1,0,137.8,1,3,1,1,0
12,5,3,1,0,147.8,4,3,1,4,0
12,5,6,1,0,147.8,2,3,1,2,0
12,5,7,1,0,142.8,3,3,1,3,0
12,5,8,1,0,137.8,1,3,1,1,0
12,6,3,1,0,147.8,4,3,1,4,0
12,6,5,1,0,142.8,5,3,1,5,0
12,6,7,1,0,142.8,3,3,1,3,0
12,6,8,1,0,137.8,1,3,1,1,0
12,7,3,1,0,147.8,4,3,1,4,0
12,7,5,1,0,142.8,5,3,1,5,0
12,7,6,1,0,147.8,2,3,1,2,0
12,7,8,1,0,137.8,1,3,1,1,0
12,8,3,1,0,147.8,4,3,1,4,0
12,8,5,1,0,142.8,5,3,1,5,0
12,8,6,1,0,147.8,2,3,1,2,0
12,8,7,1,0,142.8,3,3,1,3,0
12,9,10,1,0,164.4,4,4,1,4,0
12,9,12,1,0,164.4,2,4,1,2,0
12,9,13,1,0,155.8,3,4,1,3,0
12,9,15,1,0,164.4,5,4,1,5,0
12,10,9,1,0,164.4,1,4,1,1,0
12,10,12,1,0,164.4,2,4,1,2,0
12,10,13,1,0,155.8,3,4,1,3,0
12,10,15,1,0,164.4,5,4,1,5,0
12,11,9,1,0,164.4,1,4,1,1,0
12,11,10,1,0,164.4,4,4,1,4,0
12,11,12,1,0,164.4,2,4,1,2,0
12,11,13,1,0,155.8,3,4,1,3,0
12,11,15,1,0,164.4,5,4,1,5,0
12,12,9,1,0,164.4,1,4,1,1,0
12,12,10,1,0,164.4,4,4,1,4,0
12,12,13,1,0,155.8,3,4,1,3,0
12,12,15,1,0,164.4,5,4,1,5,0
12,13,9,1,0,164.4,1,4,1,1,0
12,13,10,1,0,164.4,4,4,1,4,0
12,13,12,1,0,164.4,2,4,1,2,0
12,13,15,1,0,164.4,5,4,1,5,0
12,14,9,1,0,164.4,1,4,1,1,0
12,14,10,1,0,164.4,4,4,1,4,0
12,14,12,1,0,164.4,2,4,1,2,0
12,14,13,1,0,155.8,3,4,1,3,0
12,14,15,1,0,164.4,5,4,1,5,0
12,15,9,1,0,164.4,1,4,1,1,0
12,15,10,1,0,164.4,4,4,1,4,0
12,15,12,1,0,164.4,2,4,1,2,0
12,15,13,1,0,155.8,3,4,1,3,0
12,16,9,1,0,164.4,1,4,1,1,0
12,16,10,1,0,164.4,4,4,1,4,0
12,16,12,1,0,164.4,2,4,1,2,0
12,16,13,1,0,155.8,3,4,1,3,0
12,16,15,1,0,164.4,5,4,1,5,0
12,1,4,2,0,137.8,3,3,1,0,3
12,2,4,2,0,137.8,3,3,1,0,3
12,3,4,2,0,137.8,3,3,1,0,3
12,5,4,2,0,137.8,3,3,1,0,3
12,6,4,2,0,137.8,3,3,1,0,3
12,7,4,2,0,137.8,3,3,1,0,3
12,8,4,2,3,137.8,3,3,1,0,3
12,9,14,2,0,164.4,2,4,1,0,2
12,10,14,2,0,164.4,2,4,1,0,2
12,11,14,2,0,164.4,2,4,1,0,2
12,12,14,2,0,164.4,2,4,1,0,2
12,13,14,2,0,164.4,2,4,1,0,2
12,15,14,2,0,164.4,2,4,1,0,2
12,16,14,2,0,164.4,2,4,1,0,2
13,1,3,1,0,142.8,4,3,1,4,0
13,1,5,1,0,142.8,5,3,1,5,0
13,1,6,1,0,147.8,2,3,1,2,0
13,1,7,1,0,142.8,3,3,1,3,0
13,1,8,1,0,142.8,1,3,1,1,0
13,2,3,1,0,142.8,4,3,1,4,0
13,2,5,1,0,142.8,5,3,1,5,0
13,2,6,1,0,147.8,2,3,1,2,0
13,2,7,1,0,142.8,3,3,1,3,0
13,2,8,1,0,142.8,1,3,1,1,0
13,3,5,1,0,142.8,5,3,1,5,0
13,3,6,1,0,147.8,2,3,1,2,0
13,3,7,1,0,142.8,3,3,1,3,0
13,3,8,1,0,142.8,1,3,1,1,0
13,4,3,1,0,142.8,4,3,1,4,0
13,4,5,1,0,142.8,5,3,1,5,0
13,4,6,1,0,147.8,2,3,1,2,0
13,4,7,1,0,142.8,3,3,1,3,0
13,4,8,1,0,142.8,1,3,1,1,0
13,5,3,1,0,142.8,4,3,1,4,0
13,5,6,1,0,147.8,2,3,1,2,0
13,5,7,1,0,142.8,3,3,1,3,0
13,5,8,1,0,142.8,1,3,1,1,0
13,6,3,1,0,142.8,4,3,1,4,0
13,6,5,1,0,142.8,5,3,1,5,0
13,6,7,1,0,142.8,3,3,1,3,0
13,6,8,1,0,142.8,1,3,1,1,0
13,7,3,1,0,142.8,4,3,1,4,0
13,7,5,1,0,142.8,5,3,1,5,0
13,7,6,1,0,147.8,2,3,1,2,0
13,7,8,1,0,142.8,1,3,1,1,0
13,8,3,1,0,142.8,4,3,1,4,0
13,8,5,1,0,142.8,5,3,1,5,0
13,8,6,1,0,147.8,2,3,1,2,0
13,8,7,1,0,142.8,3,3,1,3,0
13,9,10,1,0,157.2,4,4,1,4,0
13,9,12,1,0,157.2,2,4,1,2,0
13,9,13,1,0,157.2,3,4,1,3,0
13,9,15,1,0,157.2,5,4,1,5,0
13,10,9,1,0,157.2,1,4,1,1,0
13,10,12,1,0,157.2,2,4,1,2,0
13,10,13,1,0,157.2,3,4,1,3,0
13,10,15,1,0,157.2,5,4,1,5,0
13,11,9,1,0,157.2,1,4,1,1,0
13,11,10,1,0,157.2,4,4,1,4,0
13,11,12,1,0,157.2,2,4,1,2,0
13,11,13,1,0,157.2,3,4,1,3,0
13,11,15,1,0,157.2,5,4,1,5,0
13,12,9,1,0,157.2,1,4,1,1,0
13,12,10,1,0,157.2,4,4,1,4,0
13,12,13,1,0,157.2,3,4,1,3,0
13,12,15,1,0,157.2,5,4,1,5,0
13,13,9,1,0,157.2,1,4,1,1,0
13,13,10,1,0,157.2,4,4,1,4,0
13,13,12,1,0,157.2,2,4,1,2,0
13,13,15,1,0,157.2,5,4,1,5,0
13,14,9,1,0,157.2,1,4,1,1,0
13,14,10,1,0,157.2,4,4,1,4,0
13,14,12,1,0,157.2,2,4,1,2,0
13,14,13,1,0,157.2,3,4,1,3,0
13,14,15,1,0,157.2,5,4,1,5,0
13,15,9,1,0,157.2,1,4,1,1,0
13,15,10,1,0,157.2,4,4,1,4,0
13,15,12,1,0,157.2,2,4,1,2,0
13,15,13,1,0,157.2,3,4,1,3,0
13,16,9,1,0,157.2,1,4,1,1,0
13,16,10,1,0,157.2,4,4,1,4,0
13,16,12,1,0,157.2,2,4,1,2,0
13,16,13,1,0,157.2,3,4,1,3,0
13,16,15,1,0,157.2,5,4,1,5,0
13,2,1,2,0,172.8,2,3,1,0,2
13,3,1,2,0,172.8,2,3,1,0,2
13,4,1,2,0,172.8,2,3,1,0,2
13,5,1,2,0,172.8,2,3,1,0,2
13,6,1,2,0,172.8,2,3,1,0,2
13,7,1,2,0,172.8,2,3,1,0,2
13,8,1,2,4,172.8,2,3,1,0,2
13,9,11,2,0,179.4,3,4,1,0,3
13,10,11,2,0,179.4,3,4,1,0,3
13,12,11,2,1,179.4,3,4,1,0,3
13,13,11,2,1,179.4,3,4,1,0,3
13,14,11,2,0,179.4,3,4,1,0,3
13,15,11,2,5,179.4,3,4,1,0,3
13,16,11,2,0,179.4,3,4,1,0,3
14,1,3,1,0,125.8,4,3,1,4,0
14,1,5,1,0,128.4,5,3,1,5,0
14,1,6,1,0,131,2,3,1,2,0
14,1,7,1,0,128.4,3,3,1,3,0
14,1,8,1,0,128.4,1,3,1,1,0
14,2,3,1,0,125.8,4,3,1,4,0
14,2,5,1,0,128.4,5,3,1,5,0
14,2,6,1,0,131,2,3,1,2,0
14,2,7,1,0,128.4,3,3,1,3,0
14,2,8,1,0,128.4,1,3,1,1,0
14,3,5,1,0,128.4,5,3,1,5,0
14,3,6,1,0,131,2,3,1,2,0
14,3,7,1,0,128.4,3,3,1,3,0
14,3,8,1,0,128.4,1,3,1,1,0
14,4,3,1,0,125.8,4,3,1,4,0
14,4,5,1,0,128.4,5,3,1,5,0
14,4,6,1,0,131,2,3,1,2,0
14,4,7,1,0,128.4,3,3,1,3,0
14,4,8,1,0,128.4,1,3,1,1,0
14,5,3,1,0,125.8,4,3,1,4,0
14,5,6,1,0,131,2,3,1,2,0
14,5,7,1,0,128.4,3,3,1,3,0
14,5,8,1,0,128.4,1,3,1,1,0
14,6,3,1,0,125.8,4,3,1,4,0
14,6,5,1,0,128.4,5,3,1,5,0
14,6,7,1,0,128.4,3,3,1,3,0
14,6,8,1,0,128.4,1,3,1,1,0
14,7,3,1,0,125.8,4,3,1,4,0
14,7,5,1,0,128.4,5,3,1,5,0
14,7,6,1,0,131,2,3,1,2,0
14,7,8,1,0,128.4,1,3,1,1,0
14,8,3,1,0,125.8,4,3,1,4,0
14,8,5,1,0,128.4,5,3,1,5,0
14,8,6,1,0,131,2,3,1,2,0
14,8,7,1,0,128.4,3,3,1,3,0
14,9,10,1,0,156,4,4,1,4,0
14,9,12,1,0,150.6,2,4,1,2,0
14,9,13,1,0,145.2,3,4,1,3,0
14,9,15,1,0,145.2,5,4,1,5,0
14,10,9,1,0,150.6,1,4,1,1,0
14,10,12,1,0,150.6,2,4,1,2,0
14,10,13,1,0,145.2,3,4,1,3,0
14,10,15,1,0,145.2,5,4,1,5,0
14,11,9,1,0,150.6,1,4,1,1,0
14,11,10,1,0,156,4,4,1,4,0
14,11,12,1,0,150.6,2,4,1,2,0
14,11,13,1,0,145.2,3,4,1,3,0
14,11,15,1,0,145.2,5,4,1,5,0
14,12,9,1,0,150.6,1,4,1,1,0
14,12,10,1,0,156,4,4,1,4,0
14,12,13,1,0,145.2,3,4,1,3,0
14,12,15,1,0,145.2,5,4,1,5,0
14,13,9,1,0,150.6,1,4,1,1,0
14,13,10,1,0,156,4,4,1,4,0
14,13,12,1,0,150.6,2,4,1,2,0
14,13,15,1,0,145.2,5,4,1,5,0
14,14,9,1,0,150.6,1,4,1,1,0
14,14,10,1,0,156,4,4,1,4,0
14,14,12,1,0,150.6,2,4,1,2,0
14,14,13,1,0,145.2,3,4,1,3,0
14,14,15,1,0,145.2,5,4,1,5,0
14,15,9,1,0,150.6,1,4,1,1,0
14,15,10,1,0,156,4,4,1,4,0
14,15,12,1,0,150.6,2,4,1,2,0
14,15,13,1,0,145.2,3,4,1,3,0
14,16,9,1,0,150.6,1,4,1,1,0
14,16,10,1,0,156,4,4,1,4,0
14,16,12,1,0,150.6,2,4,1,2,0
14,16,13,1,0,145.2,3,4,1,3,0
14,16,15,1,0,145.2,5,4,1,5,0
14,1,2,2,0,144,1,3,1,0,1
14,3,2,2,0,144,1,3,1,0,1
14,4,2,2,0,144,1,3,1,0,1
14,5,2,2,3,144,1,3,1,0,1
14,6,2,2,0,144,1,3,1,0,1
14,7,2,2,0,144,1,3,1,0,1
14,8,2,2,2,144,1,3,1,0,1
14,9,16,2,0,150.6,1,4,1,0,1
14,10,16,2,0,150.6,1,4,1,0,1
14,11,16,2,0,150.6,1,4,1,0,1
14,12,16,2,0,150.6,1,4,1,0,1
14,13,16,2,0,150.6,1,4,1,0,1
14,14,16,2,0,150.6,1,4,1,0,1
14,15,16,2,0,150.6,1,4,1,0,1
15,1,3,1,0,130.8,4,3,1,4,0
15,1,5,1,0,130.8,5,3,1,5,0
15,1,6,1,0,133.8,2,3,1,2,0
15,1,7,1,0,130.8,3,3,1,3,0
15,1,8,1,0,130.8,1,3,1,1,0
15,2,3,1,0,130.8,4,3,1,4,0
15,2,5,1,0,130.8,5,3,1,5,0
15,2,6,1,0,133.8,2,3,1,2,0
15,2,7,1,0,130.8,3,3,1,3,0
15,2,8,1,0,130.8,1,3,1,1,0
15,3,5,1,0,130.8,5,3,1,5,0
15,3,6,1,0,133.8,2,3,1,2,0
15,3,7,1,0,130.8,3,3,1,3,0
15,3,8,1,0,130.8,1,3,1,1,0
15,4,3,1,0,130.8,4,3,1,4,0
15,4,5,1,0,130.8,5,3,1,5,0
15,4,6,1,0,133.8,2,3,1,2,0
15,4,7,1,0,130.8,3,3,1,3,0
15,4,8,1,0,130.8,1,3,1,1,0
15,5,3,1,0,130.8,4,3,1,4,0
15,5,6,1,0,133.8,2,3,1,2,0
15,5,7,1,0,130.8,3,3,1,3,0
15,5,8,1,0,130.8,1,3,1,1,0
15,6,3,1,0,130.8,4,3,1,4,0
15,6,5,1,0,130.8,5,3,1,5,0
15,6,7,1,0,130.8,3,3,1,3,0
15,6,8,1,0,130.8,1,3,1,1,0
15,7,3,1,0,130.8,4,3,1,4,0
15,7,5,1,0,130.8,5,3,1,5,0
15,7,6,1,0,133.8,2,3,1,2,0
15,7,8,1,0,130.8,1,3,1,1,0
15,8,3,1,0,130.8,4,3,1,4,0
15,8,5,1,2,130.8,5,3,1,5,0
15,8,6,1,0,133.8,2,3,1,2,0
15,8,7,1,0,130.8,3,3,1,3,0
15,9,10,1,0,152.4,4,4,1,4,0
15,9,12,1,0,145.8,2,4,1,2,0
15,9,13,1,0,145.8,3,4,1,3,0
15,9,15,1,0,152.4,5,4,1,5,0
15,10,9,1,0,145.8,1,4,1,1,0
15,10,12,1,0,145.8,2,4,1,2,0
15,10,13,1,0,145.8,3,4,1,3,0
15,10,15,1,0,152.4,5,4,1,5,0
15,11,9,1,0,145.8,1,4,1,1,0
15,11,10,1,0,152.4,4,4,1,4,0
15,11,12,1,0,145.8,2,4,1,2,0
15,11,13,1,0,145.8,3,4,1,3,0
15,11,15,1,0,152.4,5,4,1,5,0
15,12,9,1,0,145.8,1,4,1,1,0
15,12,10,1,0,152.4,4,4,1,4,0
15,12,13,1,0,145.8,3,4,1,3,0
15,12,15,1,0,152.4,5,4,1,5,0
15,13,9,1,0,145.8,1,4,1,1,0
15,13,10,1,0,152.4,4,4,1,4,0
15,13,12,1,0,145.8,2,4,1,2,0
15,13,15,1,0,152.4,5,4,1,5,0
15,14,9,1,0,145.8,1,4,1,1,0
15,14,10,1,0,152.4,4,4,1,4,0
15,14,12,1,0,145.8,2,4,1,2,0
15,14,13,1,0,145.8,3,4,1,3,0
15,14,15,1,0,152.4,5,4,1,5,0
15,15,9,1,0,145.8,1,4,1,1,0
15,15,10,1,0,152.4,4,4,1,4,0
15,15,12,1,0,145.8,2,4,1,2,0
15,15,13,1,0,145.8,3,4,1,3,0
15,16,9,1,0,145.8,1,4,1,1,0
15,16,10,1,0,152.4,4,4,1,4,0
15,16,12,1,0,145.8,2,4,1,2,0
15,16,13,1,0,145.8,3,4,1,3,0
15,16,15,1,0,152.4,5,4,1,5,0
15,2,1,2,0,148.8,2,3,1,0,2
15,3,1,2,0,148.8,2,3,1,0,2
15,4,1,2,0,148.8,2,3,1,0,2
15,5,1,2,0,148.8,2,3,1,0,2
15,6,1,2,0,148.8,2,3,1,0,2
15,7,1,2,0,148.8,2,3,1,0,2
15,8,1,2,4,148.8,2,3,1,0,2
15,9,16,2,0,172.2,1,4,1,0,1
15,10,16,2,0,172.2,1,4,1,0,1
15,11,16,2,0,172.2,1,4,1,0,1
15,12,16,2,0,172.2,1,4,1,0,1
15,13,16,2,0,172.2,1,4,1,0,1
15,14,16,2,0,172.2,1,4,1,0,1
15,15,16,2,0,172.2,1,4,1,0,1
